race_id,trailer_id,trailer_name,trailer_view,slot,items_in_slot
435,11,T-12,Cup,4,5
434,11,T-12,Cup,4,5
436,11,T-12,Cup,4,5
433,11,T-12,Cup,4,5
446,11,T-12,Cup,4,5
422,11,T-12,Cup,4,5
460,11,T-12,Cup,4,5
426,11,T-12,Cup,4,5
438,11,T-12,Cup,4,5
429,11,T-12,Cup,4,5
440,11,T-12,Cup,4,5
437,11,T-12,Cup,4,5
423,11,T-12,Cup,4,5
437,28,T-35,Cup,1,5
444,11,T-12,Cup,4,5
441,11,T-12,Cup,4,5
432,11,T-12,Cup,4,5
428,11,T-12,Cup,4,5
430,11,T-12,Cup,4,5
425,11,T-12,Cup,4,5
438,28,T-35,Cup,6,5
443,11,T-12,Cup,4,5
445,11,T-12,Cup,4,5
474,11,T-12,Cup,4,5
460,33,T-34,Cup,5,4
434,33,T-34,Cup,5,4
436,33,T-34,Cup,5,4
425,33,T-34,Cup,5,4
428,33,T-34,Cup,5,4
467,33,T-34,Cup,3,4
432,33,T-34,Cup,5,4
435,33,T-34,Cup,5,4
440,33,T-34,Cup,7,4
429,28,T-35,Cup,1,4
423,33,T-34,Cup,5,4
445,33,T-34,Cup,7,4
446,33,T-34,Cup,7,4
433,33,T-34,Cup,5,4
426,33,T-34,Cup,5,4
431,33,T-34,Cup,2,4
430,33,T-34,Cup,2,4
443,33,T-34,Cup,7,4
444,33,T-34,Cup,7,4
474,33,T-34,Cup,7,4
441,33,T-34,Cup,7,4
467,21,T-31,Cup,7,3
423,54,T-12 Top,Cup,4,3
467,21,T-31,Cup,3,3
467,21,T-31,Cup,4,3
441,21,T-31,Cup,3,3
444,26,T-25,Cup,10,3
440,26,T-25,Cup,9,3
441,21,T-31,Cup,4,3
423,60,01- Big,Awning,3,3
438,21,T-31,Cup,3,3
438,21,T-31,Cup,4,3
435,60,01- Big,Awning,3,3
438,21,T-31,Cup,7,3
433,26,T-25,Cup,2,3
432,54,T-12 Top,Cup,4,3
467,16,T-09,Cup,2,3
424,8,T-24,Cup,2,3
435,54,T-12 Top,Cup,4,3
441,21,T-31,Cup,7,3
424,8,T-24,Cup,8,3
443,12,T-11,NOAPS,8,3
423,21,T-31,Cup,7,3
444,26,T-25,Cup,2,3
467,26,T-25,Cup,2,3
432,21,T-31,Cup,4,3
432,21,T-31,Cup,3,3
430,26,T-25,Cup,2,3
436,16,T-09,Cup,10,3
446,12,T-11,NOAPS,8,3
443,21,T-31,Cup,3,3
443,21,T-31,Cup,4,3
432,16,T-09,Cup,10,3
436,21,T-31,Cup,3,3
436,21,T-31,Cup,4,3
436,21,T-31,Cup,7,3
443,21,T-31,Cup,7,3
422,80,T-38,NOAPS,2,3
428,16,T-09,Cup,10,3
430,54,T-12 Top,Cup,4,3
432,21,T-31,Cup,7,3
445,54,T-12 Top,Cup,4,3
436,12,T-11,NOAPS,8,3
423,21,T-31,Cup,4,3
430,16,T-09,Cup,10,3
423,26,T-25,Cup,2,3
467,26,T-25,Cup,7,3
438,16,T-09,Cup,10,3
432,26,T-25,Cup,2,3
438,26,T-25,Cup,2,3
423,21,T-31,Cup,3,3
467,60,01- Big,Awning,3,3
444,21,T-31,Cup,7,3
444,21,T-31,Cup,4,3
423,16,T-09,Cup,10,3
444,21,T-31,Cup,3,3
438,12,T-11,NOAPS,8,3
430,21,T-31,Cup,9,3
444,54,T-12 Top,Cup,4,3
446,21,T-31,Cup,3,3
432,57,T-05,Cup,1,3
434,21,T-31,Cup,7,3
441,26,T-25,Cup,2,3
434,60,01- Big,Awning,3,3
434,60,01- Big,Awning,4,3
433,21,T-31,Cup,3,3
441,54,T-12 Top,Cup,4,3
429,21,T-31,Cup,3,3
429,21,T-31,Cup,4,3
429,21,T-31,Cup,7,3
460,21,T-31,Cup,3,3
426,54,T-12 Top,Cup,4,3
460,16,T-09,Cup,10,3
434,21,T-31,Cup,4,3
441,60,01- Big,Awning,3,3
434,21,T-31,Cup,3,3
445,12,T-11,NOAPS,8,3
433,21,T-31,Cup,4,3
434,54,T-12 Top,Cup,4,3
426,16,T-09,Cup,10,3
429,16,T-09,Cup,10,3
440,21,T-31,Cup,3,3
445,21,T-31,Cup,3,3
426,26,T-25,Cup,2,3
441,26,T-25,Cup,10,3
434,26,T-25,Cup,2,3
446,60,01- Big,Awning,3,3
440,26,T-25,Cup,2,3
445,21,T-31,Cup,7,3
443,60,01- Big,Awning,3,3
426,21,T-31,Cup,7,3
426,21,T-31,Cup,4,3
426,21,T-31,Cup,3,3
446,54,T-12 Top,Cup,4,3
433,16,T-09,Cup,10,3
440,21,T-31,Cup,7,3
440,21,T-31,Cup,4,3
429,26,T-25,Cup,2,3
460,21,T-31,Cup,4,3
435,40,T-15,NOAPS,7,3
446,21,T-31,Cup,7,3
460,60,01- Big,Awning,3,3
434,16,T-09,Cup,10,3
425,16,T-09,Cup,10,3
435,21,T-31,Cup,3,3
435,21,T-31,Cup,4,3
435,21,T-31,Cup,7,3
438,60,01- Big,Awning,3,3
446,21,T-31,Cup,4,3
460,21,T-31,Cup,7,3
430,54,T-12 Top,Cup,8,3
430,6,T-22,NOAPS,3,3
438,54,T-12 Top,Cup,4,3
435,26,T-25,Cup,2,3
445,26,T-25,Cup,10,3
432,60,01- Big,Awning,3,3
444,60,01- Big,Awning,3,3
425,21,T-31,Cup,3,3
425,21,T-31,Cup,4,3
425,21,T-31,Cup,7,3
445,26,T-25,Cup,2,3
433,21,T-31,Cup,7,3
425,60,01- Big,Awning,3,3
440,54,T-12 Top,Cup,4,3
446,26,T-25,Cup,10,3
425,54,T-12 Top,Cup,4,3
426,60,01- Big,Awning,3,3
460,26,T-25,Cup,2,3
446,26,T-25,Cup,2,3
429,54,T-12 Top,Cup,4,3
435,12,T-11,NOAPS,8,3
425,26,T-25,Cup,2,3
440,60,01- Big,Awning,3,3
460,54,T-12 Top,Cup,4,3
435,16,T-09,Cup,10,3
429,60,01- Big,Awning,3,3
474,12,T-11,NOAPS,8,3
445,21,T-31,Cup,4,3
422,60,01- Big,Awning,3,3
443,54,T-12 Top,Cup,4,3
422,21,T-31,Cup,7,3
433,60,01- Big,Awning,3,3
431,6,T-22,NOAPS,3,3
474,26,T-25,Cup,10,3
428,21,T-31,Cup,4,3
430,60,01- Big,Awning,3,3
428,54,T-12 Top,Cup,4,3
428,21,T-31,Cup,3,3
422,54,T-12 Top,Cup,4,3
474,21,T-31,Cup,7,3
474,60,01- Big,Awning,3,3
444,12,T-11,NOAPS,8,3
422,16,T-09,Cup,10,3
437,16,T-09,Cup,10,3
474,21,T-31,Cup,4,3
422,21,T-31,Cup,3,3
474,21,T-31,Cup,3,3
443,26,T-25,Cup,2,3
437,54,T-12 Top,Cup,4,3
437,21,T-31,Cup,7,3
433,54,T-12 Top,Cup,4,3
422,26,T-25,Cup,2,3
422,11,T-12,Cup,10,3
437,21,T-31,Cup,4,3
437,21,T-31,Cup,3,3
422,33,T-34,Cup,3,3
430,79,T-37,Cup,8,3
428,26,T-25,Cup,2,3
436,54,T-12 Top,Cup,4,3
474,54,T-12 Top,Cup,4,3
422,21,T-31,Cup,4,3
436,60,01- Big,Awning,3,3
474,26,T-25,Cup,2,3
428,21,T-31,Cup,7,3
443,26,T-25,Cup,10,3
428,60,01- Big,Awning,3,3
437,60,01- Big,Awning,3,3
437,26,T-25,Cup,2,3
445,60,01- Big,Awning,3,3
436,26,T-25,Cup,2,3
429,79,T-37,Cup,9,2
433,7,T-07,Cup,7,2
435,11,T-12,Cup,10,2
429,80,T-38,NOAPS,10,2
422,19,T-29,NOAPS,1,2
434,18,T-23,Cup,7,2
425,12,T-11,NOAPS,8,2
429,54,T-12 Top,Cup,2,2
422,16,T-09,Cup,6,2
434,19,T-29,NOAPS,1,2
434,18,T-23,Cup,5,2
440,54,T-12 Top,Cup,10,2
429,7,T-07,Cup,8,2
429,54,T-12 Top,Cup,7,2
434,18,T-23,Cup,3,2
444,7,T-07,Cup,7,2
440,60,01- Big,Awning,1,2
435,15,T-21,Cup,7,2
433,58,03-Awn,Awning,4,2
435,15,T-21,Cup,8,2
440,7,T-07,Cup,7,2
440,60,01- Big,Awning,2,2
441,79,T-37,Cup,8,2
440,54,T-12 Top,Cup,7,2
435,11,T-12,Cup,6,2
445,11,T-12,Cup,6,2
425,11,T-12,Cup,10,2
436,79,T-37,Cup,8,2
440,54,T-12 Top,Cup,2,2
425,60,01- Big,Awning,4,2
431,19,T-29,NOAPS,10,2
425,60,01- Big,Awning,2,2
445,11,T-12,Cup,10,2
440,11,T-12,Cup,10,2
437,7,T-07,Cup,7,2
440,11,T-12,Cup,6,2
436,79,T-37,Cup,9,2
446,7,T-07,Cup,7,2
422,16,T-09,Cup,9,2
428,42,T-17,NOAPS,5,2
425,54,T-12 Top,Cup,7,2
422,15,T-21,Cup,7,2
422,15,T-21,Cup,8,2
426,60,01- Big,Awning,2,2
434,16,T-09,Cup,1,2
425,54,T-12 Top,Cup,2,2
441,16,T-09,Cup,10,2
426,60,01- Big,Awning,4,2
422,16,T-09,Cup,1,2
438,54,T-12 Top,Cup,7,2
428,54,T-12 Top,Cup,2,2
445,60,01- Big,Awning,5,2
429,58,03-Awn,Awning,4,2
433,54,T-12 Top,Cup,2,2
443,7,T-07,Cup,7,2
425,19,T-29,NOAPS,10,2
460,60,01- Big,Awning,2,2
425,15,T-21,Cup,8,2
460,60,01- Big,Awning,4,2
444,80,T-38,NOAPS,10,2
435,18,T-23,Cup,6,2
434,16,T-09,Cup,9,2
425,19,T-29,NOAPS,1,2
435,19,T-29,NOAPS,1,2
435,19,T-29,NOAPS,2,2
432,79,T-37,Cup,9,2
460,79,T-37,Cup,9,2
432,79,T-37,Cup,8,2
434,16,T-09,Cup,6,2
425,16,T-09,Cup,1,2
422,18,T-23,Cup,2,2
425,16,T-09,Cup,9,2
460,79,T-37,Cup,8,2
428,54,T-12 Top,Cup,7,2
444,79,T-37,Cup,9,2
444,79,T-37,Cup,8,2
425,16,T-09,Cup,6,2
436,80,T-38,NOAPS,10,2
438,79,T-37,Cup,8,2
440,60,01- Big,Awning,5,2
437,6,T-22,NOAPS,2,2
429,79,T-37,Cup,8,2
438,60,01- Big,Awning,1,2
460,80,T-38,NOAPS,10,2
438,60,01- Big,Awning,2,2
435,16,T-09,Cup,6,2
432,80,T-38,NOAPS,10,2
438,80,T-38,NOAPS,10,2
460,54,T-12 Top,Cup,2,2
435,16,T-09,Cup,9,2
426,80,T-38,NOAPS,10,2
433,79,T-37,Cup,9,2
431,19,T-29,NOAPS,1,2
429,60,01- Big,Awning,2,2
460,54,T-12 Top,Cup,7,2
438,60,01- Big,Awning,5,2
434,19,T-29,NOAPS,10,2
429,60,01- Big,Awning,4,2
445,7,T-07,Cup,7,2
433,79,T-37,Cup,8,2
426,79,T-37,Cup,8,2
426,79,T-37,Cup,9,2
460,58,03-Awn,Awning,4,2
425,15,T-21,Cup,7,2
443,80,T-38,NOAPS,10,2
422,60,01- Big,Awning,4,2
433,54,T-12 Top,Cup,7,2
429,11,T-12,Cup,6,2
429,16,T-09,Cup,6,2
429,11,T-12,Cup,10,2
437,15,T-21,Cup,8,2
433,16,T-09,Cup,6,2
433,60,01- Big,Awning,2,2
443,54,T-12 Top,Cup,10,2
429,16,T-09,Cup,9,2
437,11,T-12,Cup,6,2
426,16,T-09,Cup,9,2
433,19,T-29,NOAPS,10,2
426,16,T-09,Cup,6,2
434,54,T-12 Top,Cup,2,2
440,19,T-29,NOAPS,7,2
433,60,01- Big,Awning,4,2
426,16,T-09,Cup,1,2
474,54,T-12 Top,Cup,2,2
440,19,T-29,NOAPS,5,2
426,15,T-21,Cup,8,2
426,15,T-21,Cup,7,2
434,54,T-12 Top,Cup,7,2
441,15,T-21,Cup,8,2
440,19,T-29,NOAPS,3,2
460,7,T-07,Cup,7,2
433,16,T-09,Cup,1,2
440,19,T-29,NOAPS,1,2
441,15,T-21,Cup,7,2
434,55,T-02,NOAPS,3,2
433,15,T-21,Cup,8,2
434,55,T-02,NOAPS,5,2
433,15,T-21,Cup,7,2
426,19,T-29,NOAPS,1,2
446,54,T-12 Top,Cup,2,2
433,16,T-09,Cup,9,2
437,11,T-12,Cup,10,2
446,55,T-02,NOAPS,7,2
443,60,01- Big,Awning,5,2
443,60,01- Big,Awning,1,2
445,79,T-37,Cup,8,2
446,55,T-02,NOAPS,3,2
445,19,T-29,NOAPS,9,2
437,12,T-11,NOAPS,8,2
446,54,T-12 Top,Cup,10,2
446,60,01- Big,Awning,1,2
446,60,01- Big,Awning,2,2
431,80,T-38,NOAPS,10,2
445,79,T-37,Cup,9,2
446,60,01- Big,Awning,5,2
433,19,T-29,NOAPS,1,2
429,12,T-11,NOAPS,8,2
474,79,T-37,Cup,9,2
445,19,T-29,NOAPS,2,2
474,79,T-37,Cup,8,2
445,19,T-29,NOAPS,1,2
445,18,T-23,Cup,9,2
429,15,T-21,Cup,7,2
432,6,T-22,NOAPS,5,2
429,15,T-21,Cup,8,2
437,15,T-21,Cup,7,2
426,19,T-29,NOAPS,10,2
429,16,T-09,Cup,1,2
422,7,T-07,Cup,7,2
446,79,T-37,Cup,8,2
446,79,T-37,Cup,9,2
434,55,T-02,NOAPS,7,2
445,16,T-09,Cup,10,2
434,58,03-Awn,Awning,5,2
460,15,T-21,Cup,7,2
460,16,T-09,Cup,1,2
443,54,T-12 Top,Cup,2,2
441,54,T-12 Top,Cup,10,2
440,15,T-21,Cup,8,2
440,15,T-21,Cup,7,2
460,16,T-09,Cup,6,2
434,80,T-38,NOAPS,10,2
435,6,T-22,NOAPS,1,2
460,16,T-09,Cup,9,2
474,54,T-12 Top,Cup,10,2
425,80,T-38,NOAPS,10,2
435,6,T-22,NOAPS,2,2
433,11,T-12,Cup,10,2
432,7,T-07,Cup,7,2
426,54,T-12 Top,Cup,7,2
433,11,T-12,Cup,6,2
445,13,T-08,NOAPS,7,2
441,60,01- Big,Awning,1,2
460,19,T-29,NOAPS,1,2
440,13,T-08,NOAPS,10,2
425,79,T-37,Cup,9,2
425,79,T-37,Cup,8,2
441,60,01- Big,Awning,2,2
422,12,T-11,NOAPS,8,2
438,54,T-12 Top,Cup,2,2
437,19,T-29,NOAPS,1,2
437,19,T-29,NOAPS,2,2
460,19,T-29,NOAPS,10,2
435,7,T-07,Cup,7,2
460,15,T-21,Cup,8,2
441,54,T-12 Top,Cup,7,2
426,12,T-11,NOAPS,8,2
426,7,T-07,Cup,7,2
445,80,T-38,NOAPS,10,2
474,60,01- Big,Awning,5,2
437,16,T-09,Cup,9,2
434,60,01- Big,Awning,2,2
426,11,T-12,Cup,10,2
474,60,01- Big,Awning,2,2
445,16,T-09,Cup,6,2
426,11,T-12,Cup,6,2
441,54,T-12 Top,Cup,2,2
474,60,01- Big,Awning,1,2
441,16,T-09,Cup,6,2
429,19,T-29,NOAPS,10,2
460,11,T-12,Cup,6,2
426,54,T-12 Top,Cup,2,2
433,12,T-11,NOAPS,8,2
460,11,T-12,Cup,10,2
443,79,T-37,Cup,8,2
443,79,T-37,Cup,9,2
422,11,T-12,Cup,7,2
440,16,T-09,Cup,10,2
422,11,T-12,Cup,8,2
460,12,T-11,NOAPS,8,2
429,21,T-31,Cup,8,2
445,15,T-21,Cup,8,2
440,16,T-09,Cup,6,2
429,21,T-31,Cup,10,2
434,79,T-37,Cup,8,2
434,79,T-37,Cup,9,2
445,15,T-21,Cup,7,2
441,60,01- Big,Awning,5,2
429,7,T-07,Cup,7,2
425,11,T-12,Cup,6,2
428,79,T-37,Cup,8,2
467,54,T-12 Top,Cup,7,2
423,19,T-29,NOAPS,1,2
430,19,T-29,NOAPS,10,2
430,21,T-31,Cup,1,2
430,21,T-31,Cup,2,2
437,54,T-12 Top,Cup,2,2
446,15,T-21,Cup,7,2
436,11,T-12,Cup,6,2
423,16,T-09,Cup,9,2
441,11,T-12,Cup,6,2
474,16,T-09,Cup,10,2
423,16,T-09,Cup,6,2
436,11,T-12,Cup,10,2
437,54,T-12 Top,Cup,7,2
428,79,T-37,Cup,9,2
423,16,T-09,Cup,1,2
467,60,01- Big,Awning,2,2
423,15,T-21,Cup,8,2
423,15,T-21,Cup,7,2
467,60,01- Big,Awning,4,2
444,19,T-29,NOAPS,9,2
445,54,T-12 Top,Cup,2,2
474,16,T-09,Cup,6,2
438,11,T-12,Cup,10,2
446,11,T-12,Cup,6,2
438,11,T-12,Cup,6,2
422,54,T-12 Top,Cup,2,2
444,19,T-29,NOAPS,2,2
446,15,T-21,Cup,8,2
467,54,T-12 Top,Cup,4,2
423,12,T-11,NOAPS,8,2
467,33,T-34,Cup,4,2
430,16,T-09,Cup,9,2
444,11,T-12,Cup,6,2
436,54,T-12 Top,Cup,2,2
467,26,T-25,Cup,8,2
428,19,T-29,NOAPS,10,2
438,16,T-09,Cup,9,2
428,11,T-12,Cup,10,2
436,7,T-07,Cup,7,2
446,19,T-29,NOAPS,9,2
438,16,T-09,Cup,6,2
441,19,T-29,NOAPS,5,2
446,16,T-09,Cup,6,2
433,80,T-38,NOAPS,10,2
443,16,T-09,Cup,6,2
441,19,T-29,NOAPS,1,2
441,19,T-29,NOAPS,3,2
430,19,T-29,NOAPS,1,2
438,15,T-21,Cup,8,2
438,15,T-21,Cup,7,2
422,33,T-34,Cup,1,2
467,51,T-06,NOAPS,4,2
444,11,T-12,Cup,10,2
428,12,T-11,NOAPS,8,2
443,16,T-09,Cup,10,2
423,19,T-29,NOAPS,10,2
441,7,T-07,Cup,7,2
467,54,T-12 Top,Cup,1,2
467,54,T-12 Top,Cup,2,2
444,19,T-29,NOAPS,1,2
428,19,T-29,NOAPS,1,2
443,15,T-21,Cup,8,2
422,79,T-37,Cup,9,2
444,16,T-09,Cup,6,2
474,15,T-21,Cup,7,2
428,60,01- Big,Awning,2,2
437,80,T-38,NOAPS,10,2
430,58,03-Awn,Awning,4,2
437,60,01- Big,Awning,2,2
422,80,T-38,NOAPS,10,2
432,16,T-09,Cup,9,2
437,60,01- Big,Awning,5,2
428,16,T-09,Cup,9,2
446,11,T-12,Cup,10,2
444,15,T-21,Cup,8,2
444,15,T-21,Cup,7,2
422,79,T-37,Cup,8,2
443,19,T-29,NOAPS,9,2
432,16,T-09,Cup,6,2
432,15,T-21,Cup,7,2
437,79,T-37,Cup,9,2
474,11,T-12,Cup,6,2
437,79,T-37,Cup,8,2
444,13,T-08,NOAPS,7,2
474,11,T-12,Cup,10,2
430,54,T-12 Top,Cup,2,2
432,15,T-21,Cup,8,2
432,16,T-09,Cup,1,2
428,60,01- Big,Awning,4,2
422,60,01- Big,Awning,2,2
430,54,T-12 Top,Cup,7,2
445,55,T-02,NOAPS,7,2
436,19,T-29,NOAPS,2,2
430,60,01- Big,Awning,4,2
443,19,T-29,NOAPS,1,2
467,79,T-37,Cup,8,2
467,79,T-37,Cup,9,2
423,11,T-12,Cup,10,2
423,11,T-12,Cup,6,2
436,15,T-21,Cup,7,2
436,15,T-21,Cup,8,2
432,19,T-29,NOAPS,10,2
428,15,T-21,Cup,7,2
428,15,T-21,Cup,8,2
445,54,T-12 Top,Cup,10,2
422,54,T-12 Top,Cup,7,2
467,80,T-38,NOAPS,10,2
469,26,T-25,Cup,1,2
436,16,T-09,Cup,6,2
436,19,T-29,NOAPS,1,2
443,19,T-29,NOAPS,2,2
428,16,T-09,Cup,1,2
436,16,T-09,Cup,9,2
430,60,01- Big,Awning,2,2
445,55,T-02,NOAPS,3,2
434,7,T-07,Cup,7,2
432,19,T-29,NOAPS,1,2
474,15,T-21,Cup,8,2
474,7,T-07,Cup,7,2
428,16,T-09,Cup,6,2
423,7,T-07,Cup,7,2
444,16,T-09,Cup,10,2
438,7,T-07,Cup,7,2
441,11,T-12,Cup,10,2
428,58,03-Awn,Awning,4,2
430,79,T-37,Cup,7,2
424,21,T-31,Cup,2,2
444,54,T-12 Top,Cup,2,2
446,18,T-23,Cup,9,2
445,60,01- Big,Awning,2,2
432,54,T-12 Top,Cup,7,2
430,11,T-12,Cup,6,2
435,54,T-12 Top,Cup,2,2
424,8,T-24,Cup,7,2
430,80,T-38,NOAPS,10,2
440,79,T-37,Cup,8,2
430,80,T-38,NOAPS,8,2
424,8,T-24,Cup,1,2
467,15,T-21,Cup,7,2
423,80,T-38,NOAPS,10,2
467,15,T-21,Cup,8,2
430,11,T-12,Cup,10,2
467,16,T-09,Cup,1,2
436,60,01- Big,Awning,5,2
430,16,T-09,Cup,6,2
423,79,T-37,Cup,9,2
423,79,T-37,Cup,8,2
467,16,T-09,Cup,6,2
432,54,T-12 Top,Cup,2,2
467,16,T-09,Cup,9,2
434,12,T-11,NOAPS,8,2
430,12,T-11,NOAPS,8,2
436,60,01- Big,Awning,2,2
435,60,01- Big,Awning,1,2
424,21,T-31,Cup,1,2
424,21,T-31,Cup,3,2
435,60,01- Big,Awning,5,2
443,11,T-12,Cup,10,2
431,12,T-11,NOAPS,8,2
434,15,T-21,Cup,8,2
434,15,T-21,Cup,7,2
432,60,01- Big,Awning,4,2
444,60,01- Big,Awning,5,2
432,11,T-12,Cup,6,2
444,60,01- Big,Awning,2,2
430,7,T-07,Cup,7,2
444,60,01- Big,Awning,1,2
432,60,01- Big,Awning,2,2
428,7,T-07,Cup,7,2
422,19,T-29,NOAPS,10,2
432,58,03-Awn,Awning,4,2
444,55,T-02,NOAPS,7,2
425,7,T-07,Cup,7,2
467,11,T-12,Cup,4,2
444,55,T-02,NOAPS,6,2
467,11,T-12,Cup,6,2
444,55,T-02,NOAPS,5,2
444,55,T-02,NOAPS,3,2
467,11,T-12,Cup,10,2
444,54,T-12 Top,Cup,10,2
443,11,T-12,Cup,6,2
446,19,T-29,NOAPS,2,2
435,40,T-15,NOAPS,5,2
446,19,T-29,NOAPS,1,2
432,11,T-12,Cup,10,2
435,60,01- Big,Awning,2,2
435,54,T-12 Top,Cup,7,2
443,60,01- Big,Awning,2,2
434,11,T-12,Cup,10,2
443,13,T-08,NOAPS,7,2
422,26,T-25,Cup,1,2
438,19,T-29,NOAPS,2,2
423,54,T-12 Top,Cup,7,2
430,79,T-37,Cup,10,2
436,54,T-12 Top,Cup,7,2
438,19,T-29,NOAPS,1,2
430,79,T-37,Cup,9,2
474,19,T-29,NOAPS,2,2
436,6,T-22,NOAPS,2,2
423,54,T-12 Top,Cup,2,2
436,6,T-22,NOAPS,1,2
428,80,T-38,NOAPS,10,2
435,79,T-37,Cup,8,2
435,79,T-37,Cup,9,2
434,11,T-12,Cup,6,2
435,80,T-38,NOAPS,10,2
474,19,T-29,NOAPS,1,2
441,19,T-29,NOAPS,7,2
474,18,T-23,Cup,9,2
430,16,T-09,Cup,1,2
446,16,T-09,Cup,10,2
467,19,T-29,NOAPS,9,2
438,18,T-23,Cup,3,2
445,60,01- Big,Awning,1,2
437,28,T-35,Cup,5,2
474,19,T-29,NOAPS,9,2
432,12,T-11,NOAPS,8,2
443,15,T-21,Cup,7,2
428,11,T-12,Cup,6,2
423,60,01- Big,Awning,2,2
423,60,01- Big,Awning,4,2
467,19,T-29,NOAPS,1,2
436,60,01- Big,Awning,1,2
467,18,T-23,Cup,2,2
441,17,T-32,Cup,5,1
441,24,T-10,Cup,9,1
441,24,T-10,Cup,8,1
441,21,T-31,Cup,10,1
441,22,T-28,NOAPS,2,1
441,16,T-09,Cup,7,1
441,16,T-09,Cup,5,1
441,17,T-32,Cup,3,1
441,24,T-10,Cup,7,1
441,16,T-09,Cup,4,1
441,16,T-09,Cup,8,1
441,26,T-25,Cup,6,1
441,16,T-09,Cup,9,1
441,18,T-23,Cup,1,1
441,22,T-28,NOAPS,1,1
441,18,T-23,Cup,2,1
441,22,T-28,NOAPS,4,1
441,26,T-25,Cup,7,1
441,26,T-25,Cup,1,1
441,26,T-25,Cup,5,1
441,19,T-29,NOAPS,6,1
441,22,T-28,NOAPS,3,1
441,26,T-25,Cup,8,1
441,17,T-32,Cup,9,1
441,24,T-10,Cup,1,1
441,24,T-10,Cup,6,1
441,19,T-29,NOAPS,4,1
441,21,T-31,Cup,5,1
441,18,T-23,Cup,9,1
441,18,T-23,Cup,10,1
441,18,T-23,Cup,8,1
441,18,T-23,Cup,7,1
441,17,T-32,Cup,1,1
441,17,T-32,Cup,7,1
441,24,T-10,Cup,2,1
441,21,T-31,Cup,2,1
441,24,T-10,Cup,3,1
441,26,T-25,Cup,3,1
441,18,T-23,Cup,6,1
441,18,T-23,Cup,5,1
441,21,T-31,Cup,1,1
441,17,T-32,Cup,6,1
441,22,T-28,NOAPS,9,1
441,19,T-29,NOAPS,9,1
441,17,T-32,Cup,2,1
441,24,T-10,Cup,4,1
441,24,T-10,Cup,5,1
441,22,T-28,NOAPS,7,1
441,22,T-28,NOAPS,6,1
441,26,T-25,Cup,4,1
441,18,T-23,Cup,4,1
441,19,T-29,NOAPS,8,1
441,17,T-32,Cup,8,1
441,21,T-31,Cup,9,1
441,19,T-29,NOAPS,2,1
441,18,T-23,Cup,3,1
441,22,T-28,NOAPS,5,1
443,8,T-24,Cup,10,1
441,28,T-35,Cup,1,1
443,19,T-29,NOAPS,7,1
443,18,T-23,Cup,5,1
443,18,T-23,Cup,6,1
443,18,T-23,Cup,7,1
443,18,T-23,Cup,8,1
443,18,T-23,Cup,9,1
443,18,T-23,Cup,10,1
443,19,T-29,NOAPS,3,1
443,19,T-29,NOAPS,4,1
443,19,T-29,NOAPS,5,1
443,19,T-29,NOAPS,6,1
443,19,T-29,NOAPS,8,1
443,22,T-28,NOAPS,7,1
443,21,T-31,Cup,1,1
443,21,T-31,Cup,2,1
443,21,T-31,Cup,5,1
443,21,T-31,Cup,9,1
443,21,T-31,Cup,10,1
443,22,T-28,NOAPS,1,1
443,22,T-28,NOAPS,2,1
443,22,T-28,NOAPS,3,1
443,22,T-28,NOAPS,4,1
443,22,T-28,NOAPS,5,1
443,18,T-23,Cup,4,1
443,18,T-23,Cup,3,1
443,18,T-23,Cup,2,1
443,18,T-23,Cup,1,1
443,15,T-21,Cup,3,1
443,15,T-21,Cup,4,1
443,15,T-21,Cup,5,1
443,15,T-21,Cup,6,1
443,15,T-21,Cup,9,1
443,16,T-09,Cup,1,1
443,16,T-09,Cup,2,1
443,16,T-09,Cup,3,1
443,16,T-09,Cup,4,1
443,16,T-09,Cup,5,1
443,16,T-09,Cup,7,1
443,16,T-09,Cup,8,1
443,16,T-09,Cup,9,1
443,17,T-32,Cup,1,1
443,17,T-32,Cup,2,1
443,17,T-32,Cup,3,1
443,17,T-32,Cup,5,1
443,17,T-32,Cup,6,1
443,17,T-32,Cup,7,1
443,17,T-32,Cup,8,1
443,17,T-32,Cup,9,1
443,22,T-28,NOAPS,6,1
443,22,T-28,NOAPS,8,1
441,28,T-35,Cup,2,1
443,54,T-12 Top,Cup,1,1
443,33,T-34,Cup,3,1
443,33,T-34,Cup,4,1
443,33,T-34,Cup,5,1
443,33,T-34,Cup,6,1
443,33,T-34,Cup,8,1
443,33,T-34,Cup,9,1
443,33,T-34,Cup,10,1
443,51,T-06,NOAPS,3,1
443,51,T-06,NOAPS,4,1
443,51,T-06,NOAPS,6,1
443,54,T-12 Top,Cup,3,1
443,24,T-10,Cup,1,1
443,54,T-12 Top,Cup,5,1
443,54,T-12 Top,Cup,6,1
443,54,T-12 Top,Cup,7,1
443,54,T-12 Top,Cup,8,1
443,54,T-12 Top,Cup,9,1
443,58,03-Awn,Awning,1,1
443,58,03-Awn,Awning,2,1
443,58,03-Awn,Awning,3,1
443,58,03-Awn,Awning,4,1
443,58,03-Awn,Awning,5,1
443,33,T-34,Cup,2,1
443,33,T-34,Cup,1,1
443,28,T-35,Cup,9,1
443,28,T-35,Cup,8,1
443,24,T-10,Cup,2,1
443,24,T-10,Cup,3,1
443,24,T-10,Cup,4,1
443,24,T-10,Cup,5,1
443,24,T-10,Cup,6,1
443,24,T-10,Cup,7,1
443,24,T-10,Cup,8,1
443,24,T-10,Cup,9,1
443,26,T-25,Cup,1,1
443,26,T-25,Cup,3,1
443,26,T-25,Cup,4,1
443,26,T-25,Cup,5,1
443,26,T-25,Cup,6,1
443,26,T-25,Cup,7,1
443,26,T-25,Cup,8,1
443,28,T-35,Cup,1,1
443,28,T-35,Cup,2,1
443,28,T-35,Cup,3,1
443,28,T-35,Cup,4,1
443,28,T-35,Cup,5,1
443,28,T-35,Cup,6,1
443,15,T-21,Cup,2,1
443,15,T-21,Cup,1,1
443,13,T-08,NOAPS,9,1
441,79,T-37,Cup,1,1
441,60,01- Big,Awning,6,1
441,60,01- Big,Awning,8,1
441,60,01- Big,Awning,9,1
441,68,F-10,Cup,1,1
441,68,F-10,Cup,2,1
441,68,F-10,Cup,3,1
441,68,F-10,Cup,5,1
441,68,F-10,Cup,6,1
441,68,F-10,Cup,7,1
441,68,F-10,Cup,8,1
441,79,T-37,Cup,2,1
443,13,T-08,NOAPS,8,1
441,79,T-37,Cup,3,1
441,79,T-37,Cup,5,1
441,79,T-37,Cup,6,1
441,79,T-37,Cup,7,1
441,79,T-37,Cup,9,1
441,79,T-37,Cup,10,1
441,80,T-38,NOAPS,1,1
441,80,T-38,NOAPS,2,1
441,80,T-38,NOAPS,3,1
441,80,T-38,NOAPS,4,1
441,60,01- Big,Awning,4,1
441,58,03-Awn,Awning,9,1
441,58,03-Awn,Awning,3,1
441,54,T-12 Top,Cup,9,1
441,28,T-35,Cup,3,1
441,28,T-35,Cup,4,1
441,28,T-35,Cup,5,1
441,28,T-35,Cup,6,1
441,28,T-35,Cup,8,1
441,28,T-35,Cup,9,1
441,33,T-34,Cup,1,1
441,33,T-34,Cup,2,1
441,33,T-34,Cup,3,1
441,33,T-34,Cup,4,1
441,33,T-34,Cup,5,1
441,33,T-34,Cup,6,1
441,33,T-34,Cup,8,1
441,33,T-34,Cup,9,1
441,33,T-34,Cup,10,1
441,42,T-17,NOAPS,10,1
441,54,T-12 Top,Cup,1,1
441,54,T-12 Top,Cup,3,1
441,54,T-12 Top,Cup,5,1
441,54,T-12 Top,Cup,6,1
441,54,T-12 Top,Cup,8,1
441,80,T-38,NOAPS,5,1
441,80,T-38,NOAPS,6,1
441,80,T-38,NOAPS,7,1
443,9,T-33,Cup,6,1
443,9,T-33,Cup,8,1
443,9,T-33,Cup,10,1
443,11,T-12,Cup,1,1
443,11,T-12,Cup,2,1
443,11,T-12,Cup,3,1
443,11,T-12,Cup,5,1
443,11,T-12,Cup,7,1
443,11,T-12,Cup,8,1
443,11,T-12,Cup,9,1
443,12,T-11,NOAPS,1,1
443,12,T-11,NOAPS,2,1
443,12,T-11,NOAPS,3,1
443,12,T-11,NOAPS,5,1
443,12,T-11,NOAPS,6,1
443,12,T-11,NOAPS,7,1
443,13,T-08,NOAPS,1,1
443,13,T-08,NOAPS,2,1
443,13,T-08,NOAPS,3,1
443,13,T-08,NOAPS,4,1
443,13,T-08,NOAPS,5,1
443,13,T-08,NOAPS,6,1
443,9,T-33,Cup,7,1
443,9,T-33,Cup,5,1
441,80,T-38,NOAPS,8,1
443,9,T-33,Cup,4,1
441,80,T-38,NOAPS,9,1
441,80,T-38,NOAPS,10,1
443,7,T-07,Cup,1,1
443,7,T-07,Cup,2,1
443,7,T-07,Cup,3,1
443,7,T-07,Cup,4,1
443,7,T-07,Cup,5,1
443,7,T-07,Cup,6,1
443,7,T-07,Cup,8,1
443,7,T-07,Cup,10,1
443,8,T-24,Cup,1,1
443,8,T-24,Cup,2,1
443,8,T-24,Cup,3,1
443,8,T-24,Cup,4,1
443,8,T-24,Cup,5,1
443,8,T-24,Cup,6,1
443,8,T-24,Cup,7,1
443,8,T-24,Cup,8,1
443,9,T-33,Cup,1,1
443,9,T-33,Cup,2,1
443,9,T-33,Cup,3,1
441,16,T-09,Cup,3,1
422,6,T-22,NOAPS,1,1
441,16,T-09,Cup,2,1
438,16,T-09,Cup,5,1
438,13,T-08,NOAPS,7,1
438,13,T-08,NOAPS,8,1
438,15,T-21,Cup,1,1
438,15,T-21,Cup,2,1
438,15,T-21,Cup,3,1
438,15,T-21,Cup,4,1
438,15,T-21,Cup,5,1
438,15,T-21,Cup,6,1
438,15,T-21,Cup,9,1
438,16,T-09,Cup,1,1
438,16,T-09,Cup,2,1
438,16,T-09,Cup,3,1
438,16,T-09,Cup,4,1
438,16,T-09,Cup,7,1
438,18,T-23,Cup,7,1
438,16,T-09,Cup,8,1
438,17,T-32,Cup,1,1
438,17,T-32,Cup,2,1
438,17,T-32,Cup,3,1
438,17,T-32,Cup,5,1
438,17,T-32,Cup,6,1
438,17,T-32,Cup,7,1
438,17,T-32,Cup,9,1
438,17,T-32,Cup,10,1
438,18,T-23,Cup,1,1
438,18,T-23,Cup,2,1
438,18,T-23,Cup,4,1
438,18,T-23,Cup,5,1
438,13,T-08,NOAPS,6,1
438,13,T-08,NOAPS,5,1
438,13,T-08,NOAPS,4,1
438,13,T-08,NOAPS,3,1
438,8,T-24,Cup,6,1
438,8,T-24,Cup,7,1
438,8,T-24,Cup,8,1
438,8,T-24,Cup,10,1
438,9,T-33,Cup,1,1
438,9,T-33,Cup,2,1
438,9,T-33,Cup,3,1
438,9,T-33,Cup,4,1
438,9,T-33,Cup,5,1
438,9,T-33,Cup,6,1
438,9,T-33,Cup,7,1
438,9,T-33,Cup,10,1
438,11,T-12,Cup,1,1
438,11,T-12,Cup,2,1
438,11,T-12,Cup,3,1
438,11,T-12,Cup,5,1
438,11,T-12,Cup,7,1
438,11,T-12,Cup,8,1
438,11,T-12,Cup,9,1
438,12,T-11,NOAPS,1,1
438,12,T-11,NOAPS,2,1
438,12,T-11,NOAPS,3,1
438,12,T-11,NOAPS,5,1
438,12,T-11,NOAPS,6,1
438,12,T-11,NOAPS,7,1
438,12,T-11,NOAPS,9,1
438,13,T-08,NOAPS,1,1
438,18,T-23,Cup,6,1
438,18,T-23,Cup,8,1
438,54,T-12 Top,Cup,9,1
438,33,T-34,Cup,3,1
438,26,T-25,Cup,5,1
438,26,T-25,Cup,6,1
438,26,T-25,Cup,7,1
438,26,T-25,Cup,8,1
438,28,T-35,Cup,1,1
438,28,T-35,Cup,2,1
438,28,T-35,Cup,3,1
438,28,T-35,Cup,4,1
438,28,T-35,Cup,5,1
438,28,T-35,Cup,8,1
438,28,T-35,Cup,9,1
438,33,T-34,Cup,1,1
438,33,T-34,Cup,2,1
438,33,T-34,Cup,4,1
438,18,T-23,Cup,9,1
438,33,T-34,Cup,5,1
438,33,T-34,Cup,6,1
438,33,T-34,Cup,7,1
438,33,T-34,Cup,8,1
438,33,T-34,Cup,10,1
438,40,T-15,NOAPS,5,1
438,51,T-06,NOAPS,3,1
438,51,T-06,NOAPS,5,1
438,51,T-06,NOAPS,6,1
438,54,T-12 Top,Cup,1,1
438,54,T-12 Top,Cup,3,1
438,54,T-12 Top,Cup,5,1
438,54,T-12 Top,Cup,6,1
438,26,T-25,Cup,4,1
438,26,T-25,Cup,3,1
438,26,T-25,Cup,1,1
438,24,T-10,Cup,9,1
438,18,T-23,Cup,10,1
438,19,T-29,NOAPS,3,1
438,19,T-29,NOAPS,4,1
438,19,T-29,NOAPS,5,1
438,19,T-29,NOAPS,6,1
438,19,T-29,NOAPS,7,1
438,19,T-29,NOAPS,8,1
438,19,T-29,NOAPS,9,1
438,21,T-31,Cup,1,1
438,21,T-31,Cup,2,1
438,21,T-31,Cup,5,1
438,21,T-31,Cup,9,1
438,21,T-31,Cup,10,1
438,22,T-28,NOAPS,1,1
438,22,T-28,NOAPS,2,1
438,22,T-28,NOAPS,3,1
438,22,T-28,NOAPS,4,1
438,22,T-28,NOAPS,5,1
438,22,T-28,NOAPS,6,1
438,24,T-10,Cup,1,1
438,24,T-10,Cup,2,1
438,24,T-10,Cup,3,1
438,24,T-10,Cup,4,1
438,24,T-10,Cup,5,1
438,24,T-10,Cup,6,1
438,24,T-10,Cup,7,1
438,24,T-10,Cup,8,1
438,8,T-24,Cup,5,1
438,8,T-24,Cup,4,1
438,8,T-24,Cup,3,1
437,24,T-10,Cup,2,1
437,19,T-29,NOAPS,9,1
437,21,T-31,Cup,1,1
437,21,T-31,Cup,2,1
437,21,T-31,Cup,5,1
437,21,T-31,Cup,9,1
437,21,T-31,Cup,10,1
437,22,T-28,NOAPS,1,1
437,22,T-28,NOAPS,2,1
437,22,T-28,NOAPS,3,1
437,22,T-28,NOAPS,4,1
437,22,T-28,NOAPS,5,1
437,22,T-28,NOAPS,6,1
437,24,T-10,Cup,1,1
437,24,T-10,Cup,3,1
438,8,T-24,Cup,2,1
437,24,T-10,Cup,4,1
437,24,T-10,Cup,5,1
437,24,T-10,Cup,6,1
437,24,T-10,Cup,7,1
437,24,T-10,Cup,8,1
437,24,T-10,Cup,9,1
437,26,T-25,Cup,1,1
437,26,T-25,Cup,3,1
437,26,T-25,Cup,4,1
437,26,T-25,Cup,5,1
437,26,T-25,Cup,6,1
437,26,T-25,Cup,7,1
437,26,T-25,Cup,8,1
437,19,T-29,NOAPS,8,1
437,19,T-29,NOAPS,7,1
437,19,T-29,NOAPS,6,1
437,19,T-29,NOAPS,5,1
437,13,T-08,NOAPS,7,1
437,13,T-08,NOAPS,8,1
437,15,T-21,Cup,1,1
437,15,T-21,Cup,2,1
437,15,T-21,Cup,3,1
437,15,T-21,Cup,4,1
437,15,T-21,Cup,5,1
437,15,T-21,Cup,6,1
437,15,T-21,Cup,9,1
437,16,T-09,Cup,1,1
437,16,T-09,Cup,2,1
437,16,T-09,Cup,3,1
437,16,T-09,Cup,4,1
437,16,T-09,Cup,5,1
437,16,T-09,Cup,7,1
437,16,T-09,Cup,8,1
437,17,T-32,Cup,1,1
437,17,T-32,Cup,2,1
437,17,T-32,Cup,3,1
437,17,T-32,Cup,5,1
437,17,T-32,Cup,6,1
437,17,T-32,Cup,7,1
437,17,T-32,Cup,8,1
437,17,T-32,Cup,9,1
437,17,T-32,Cup,10,1
437,19,T-29,NOAPS,3,1
437,19,T-29,NOAPS,4,1
437,26,T-25,Cup,9,1
437,28,T-35,Cup,2,1
437,28,T-35,Cup,3,1
437,68,F-10,Cup,2,1
437,68,F-10,Cup,5,1
437,68,F-10,Cup,6,1
437,68,F-10,Cup,7,1
437,68,F-10,Cup,8,1
437,79,T-37,Cup,1,1
437,79,T-37,Cup,2,1
437,79,T-37,Cup,3,1
437,79,T-37,Cup,5,1
437,79,T-37,Cup,6,1
437,79,T-37,Cup,7,1
437,79,T-37,Cup,10,1
437,80,T-38,NOAPS,1,1
437,80,T-38,NOAPS,2,1
437,80,T-38,NOAPS,3,1
437,80,T-38,NOAPS,5,1
437,80,T-38,NOAPS,6,1
437,80,T-38,NOAPS,7,1
437,80,T-38,NOAPS,8,1
438,7,T-07,Cup,1,1
438,7,T-07,Cup,2,1
438,7,T-07,Cup,3,1
438,7,T-07,Cup,4,1
438,7,T-07,Cup,5,1
438,7,T-07,Cup,6,1
438,7,T-07,Cup,8,1
438,7,T-07,Cup,10,1
438,8,T-24,Cup,1,1
437,68,F-10,Cup,3,1
437,68,F-10,Cup,1,1
437,28,T-35,Cup,4,1
437,60,01- Big,Awning,9,1
437,28,T-35,Cup,6,1
437,28,T-35,Cup,8,1
437,28,T-35,Cup,9,1
437,33,T-34,Cup,1,1
437,33,T-34,Cup,2,1
437,33,T-34,Cup,3,1
437,33,T-34,Cup,4,1
437,33,T-34,Cup,5,1
437,33,T-34,Cup,6,1
437,33,T-34,Cup,7,1
437,33,T-34,Cup,8,1
437,33,T-34,Cup,9,1
437,54,T-12 Top,Cup,1,1
437,54,T-12 Top,Cup,3,1
437,54,T-12 Top,Cup,5,1
437,54,T-12 Top,Cup,6,1
437,54,T-12 Top,Cup,8,1
437,54,T-12 Top,Cup,9,1
437,54,T-12 Top,Cup,10,1
437,58,03-Awn,Awning,1,1
437,58,03-Awn,Awning,2,1
437,58,03-Awn,Awning,3,1
437,58,03-Awn,Awning,5,1
437,58,03-Awn,Awning,7,1
437,58,03-Awn,Awning,9,1
437,60,01- Big,Awning,1,1
437,60,01- Big,Awning,4,1
438,54,T-12 Top,Cup,8,1
438,54,T-12 Top,Cup,10,1
441,16,T-09,Cup,1,1
440,60,01- Big,Awning,9,1
440,33,T-34,Cup,9,1
440,33,T-34,Cup,10,1
440,54,T-12 Top,Cup,1,1
440,54,T-12 Top,Cup,3,1
440,54,T-12 Top,Cup,5,1
440,54,T-12 Top,Cup,6,1
440,54,T-12 Top,Cup,8,1
440,54,T-12 Top,Cup,9,1
440,58,03-Awn,Awning,3,1
440,58,03-Awn,Awning,9,1
440,60,01- Big,Awning,4,1
440,60,01- Big,Awning,6,1
440,60,01- Big,Awning,8,1
440,68,F-10,Cup,1,1
440,80,T-38,NOAPS,3,1
440,68,F-10,Cup,2,1
440,68,F-10,Cup,3,1
440,68,F-10,Cup,5,1
440,68,F-10,Cup,6,1
440,68,F-10,Cup,7,1
440,68,F-10,Cup,8,1
440,79,T-37,Cup,1,1
440,79,T-37,Cup,2,1
440,79,T-37,Cup,3,1
440,79,T-37,Cup,5,1
440,79,T-37,Cup,6,1
440,79,T-37,Cup,10,1
440,80,T-38,NOAPS,1,1
440,33,T-34,Cup,8,1
440,33,T-34,Cup,6,1
440,33,T-34,Cup,5,1
440,33,T-34,Cup,4,1
440,22,T-28,NOAPS,9,1
440,24,T-10,Cup,1,1
440,24,T-10,Cup,2,1
440,24,T-10,Cup,3,1
440,24,T-10,Cup,5,1
440,24,T-10,Cup,6,1
440,24,T-10,Cup,7,1
440,24,T-10,Cup,8,1
440,24,T-10,Cup,9,1
440,26,T-25,Cup,1,1
440,26,T-25,Cup,3,1
440,26,T-25,Cup,4,1
440,26,T-25,Cup,5,1
440,26,T-25,Cup,6,1
440,26,T-25,Cup,7,1
440,26,T-25,Cup,8,1
440,28,T-35,Cup,1,1
440,28,T-35,Cup,2,1
440,28,T-35,Cup,3,1
440,28,T-35,Cup,4,1
440,28,T-35,Cup,5,1
440,28,T-35,Cup,6,1
440,28,T-35,Cup,8,1
440,28,T-35,Cup,9,1
440,33,T-34,Cup,1,1
440,33,T-34,Cup,2,1
440,33,T-34,Cup,3,1
440,80,T-38,NOAPS,2,1
440,80,T-38,NOAPS,4,1
438,58,03-Awn,Awning,1,1
441,13,T-08,NOAPS,1,1
441,11,T-12,Cup,2,1
441,11,T-12,Cup,3,1
441,11,T-12,Cup,5,1
441,11,T-12,Cup,7,1
441,11,T-12,Cup,8,1
441,11,T-12,Cup,9,1
441,12,T-11,NOAPS,1,1
441,12,T-11,NOAPS,2,1
441,12,T-11,NOAPS,3,1
441,12,T-11,NOAPS,4,1
441,12,T-11,NOAPS,5,1
441,12,T-11,NOAPS,7,1
441,12,T-11,NOAPS,9,1
441,13,T-08,NOAPS,2,1
440,80,T-38,NOAPS,5,1
441,13,T-08,NOAPS,3,1
441,13,T-08,NOAPS,4,1
441,13,T-08,NOAPS,5,1
441,13,T-08,NOAPS,6,1
441,13,T-08,NOAPS,7,1
441,13,T-08,NOAPS,8,1
441,15,T-21,Cup,1,1
441,15,T-21,Cup,2,1
441,15,T-21,Cup,3,1
441,15,T-21,Cup,4,1
441,15,T-21,Cup,5,1
441,15,T-21,Cup,6,1
441,15,T-21,Cup,9,1
441,11,T-12,Cup,1,1
441,9,T-33,Cup,10,1
441,9,T-33,Cup,8,1
441,9,T-33,Cup,7,1
440,80,T-38,NOAPS,6,1
440,80,T-38,NOAPS,7,1
440,80,T-38,NOAPS,8,1
440,80,T-38,NOAPS,10,1
441,7,T-07,Cup,1,1
441,7,T-07,Cup,2,1
441,7,T-07,Cup,3,1
441,7,T-07,Cup,4,1
441,7,T-07,Cup,5,1
441,7,T-07,Cup,6,1
441,7,T-07,Cup,8,1
441,7,T-07,Cup,10,1
441,8,T-24,Cup,1,1
441,8,T-24,Cup,2,1
441,8,T-24,Cup,3,1
441,8,T-24,Cup,4,1
441,8,T-24,Cup,5,1
441,8,T-24,Cup,6,1
441,8,T-24,Cup,7,1
441,8,T-24,Cup,8,1
441,8,T-24,Cup,10,1
441,9,T-33,Cup,1,1
441,9,T-33,Cup,2,1
441,9,T-33,Cup,3,1
441,9,T-33,Cup,4,1
441,9,T-33,Cup,5,1
441,9,T-33,Cup,6,1
440,22,T-28,NOAPS,7,1
440,22,T-28,NOAPS,6,1
440,22,T-28,NOAPS,5,1
440,9,T-33,Cup,1,1
440,7,T-07,Cup,5,1
440,7,T-07,Cup,6,1
440,7,T-07,Cup,8,1
440,7,T-07,Cup,10,1
440,8,T-24,Cup,1,1
440,8,T-24,Cup,2,1
440,8,T-24,Cup,3,1
440,8,T-24,Cup,4,1
440,8,T-24,Cup,5,1
440,8,T-24,Cup,6,1
440,8,T-24,Cup,7,1
440,8,T-24,Cup,8,1
440,8,T-24,Cup,10,1
440,9,T-33,Cup,2,1
440,22,T-28,NOAPS,4,1
440,9,T-33,Cup,3,1
440,9,T-33,Cup,4,1
440,9,T-33,Cup,5,1
440,9,T-33,Cup,6,1
440,9,T-33,Cup,7,1
440,9,T-33,Cup,8,1
440,9,T-33,Cup,10,1
440,11,T-12,Cup,1,1
440,11,T-12,Cup,2,1
440,11,T-12,Cup,3,1
440,11,T-12,Cup,5,1
440,11,T-12,Cup,7,1
440,11,T-12,Cup,8,1
440,7,T-07,Cup,4,1
440,7,T-07,Cup,3,1
440,7,T-07,Cup,2,1
440,7,T-07,Cup,1,1
438,58,03-Awn,Awning,2,1
438,58,03-Awn,Awning,3,1
438,58,03-Awn,Awning,5,1
438,58,03-Awn,Awning,9,1
438,60,01- Big,Awning,4,1
438,60,01- Big,Awning,6,1
438,60,01- Big,Awning,8,1
438,60,01- Big,Awning,9,1
438,68,F-10,Cup,1,1
438,68,F-10,Cup,2,1
438,68,F-10,Cup,3,1
438,68,F-10,Cup,5,1
438,68,F-10,Cup,6,1
438,68,F-10,Cup,7,1
438,68,F-10,Cup,8,1
438,79,T-37,Cup,1,1
438,79,T-37,Cup,2,1
438,79,T-37,Cup,3,1
438,79,T-37,Cup,5,1
438,79,T-37,Cup,6,1
438,79,T-37,Cup,9,1
438,80,T-38,NOAPS,1,1
438,80,T-38,NOAPS,2,1
438,80,T-38,NOAPS,3,1
438,80,T-38,NOAPS,5,1
438,80,T-38,NOAPS,6,1
438,80,T-38,NOAPS,7,1
440,11,T-12,Cup,9,1
440,12,T-11,NOAPS,1,1
440,12,T-11,NOAPS,2,1
440,17,T-32,Cup,3,1
440,17,T-32,Cup,6,1
440,17,T-32,Cup,7,1
440,17,T-32,Cup,8,1
440,17,T-32,Cup,9,1
440,18,T-23,Cup,1,1
440,18,T-23,Cup,2,1
440,18,T-23,Cup,3,1
440,18,T-23,Cup,4,1
440,18,T-23,Cup,5,1
440,18,T-23,Cup,6,1
440,18,T-23,Cup,7,1
440,18,T-23,Cup,8,1
440,18,T-23,Cup,9,1
440,18,T-23,Cup,10,1
440,19,T-29,NOAPS,2,1
440,19,T-29,NOAPS,4,1
440,19,T-29,NOAPS,6,1
440,19,T-29,NOAPS,8,1
440,19,T-29,NOAPS,9,1
440,21,T-31,Cup,1,1
440,21,T-31,Cup,2,1
440,21,T-31,Cup,5,1
440,21,T-31,Cup,9,1
440,21,T-31,Cup,10,1
440,22,T-28,NOAPS,1,1
440,22,T-28,NOAPS,2,1
440,22,T-28,NOAPS,3,1
440,17,T-32,Cup,5,1
440,17,T-32,Cup,2,1
440,12,T-11,NOAPS,3,1
440,17,T-32,Cup,1,1
440,12,T-11,NOAPS,4,1
440,12,T-11,NOAPS,5,1
440,12,T-11,NOAPS,7,1
440,12,T-11,NOAPS,9,1
440,13,T-08,NOAPS,1,1
440,13,T-08,NOAPS,2,1
440,13,T-08,NOAPS,3,1
440,13,T-08,NOAPS,4,1
440,13,T-08,NOAPS,5,1
440,13,T-08,NOAPS,6,1
440,13,T-08,NOAPS,7,1
440,13,T-08,NOAPS,8,1
440,15,T-21,Cup,1,1
440,15,T-21,Cup,2,1
440,15,T-21,Cup,3,1
440,15,T-21,Cup,4,1
440,15,T-21,Cup,5,1
440,15,T-21,Cup,6,1
440,15,T-21,Cup,9,1
440,16,T-09,Cup,1,1
440,16,T-09,Cup,2,1
440,16,T-09,Cup,3,1
440,16,T-09,Cup,4,1
440,16,T-09,Cup,5,1
440,16,T-09,Cup,7,1
440,16,T-09,Cup,8,1
440,16,T-09,Cup,9,1
440,24,T-10,Cup,4,1
444,33,T-34,Cup,2,1
443,60,01- Big,Awning,4,1
460,79,T-37,Cup,1,1
460,79,T-37,Cup,3,1
460,79,T-37,Cup,5,1
460,79,T-37,Cup,6,1
460,79,T-37,Cup,7,1
460,79,T-37,Cup,10,1
460,80,T-38,NOAPS,1,1
460,80,T-38,NOAPS,2,1
460,80,T-38,NOAPS,3,1
460,80,T-38,NOAPS,5,1
460,80,T-38,NOAPS,6,1
467,6,T-22,NOAPS,1,1
467,6,T-22,NOAPS,3,1
467,6,T-22,NOAPS,4,1
467,6,T-22,NOAPS,5,1
467,6,T-22,NOAPS,6,1
467,6,T-22,NOAPS,8,1
467,6,T-22,NOAPS,9,1
467,6,T-22,NOAPS,10,1
467,7,T-07,Cup,1,1
467,7,T-07,Cup,2,1
467,7,T-07,Cup,3,1
467,7,T-07,Cup,4,1
467,7,T-07,Cup,5,1
467,7,T-07,Cup,6,1
467,7,T-07,Cup,7,1
467,7,T-07,Cup,8,1
467,7,T-07,Cup,9,1
467,8,T-24,Cup,1,1
467,8,T-24,Cup,2,1
460,79,T-37,Cup,2,1
460,68,F-10,Cup,8,1
467,8,T-24,Cup,4,1
460,68,F-10,Cup,7,1
460,51,T-06,NOAPS,1,1
460,51,T-06,NOAPS,3,1
460,51,T-06,NOAPS,4,1
460,51,T-06,NOAPS,5,1
460,51,T-06,NOAPS,6,1
460,51,T-06,NOAPS,7,1
460,51,T-06,NOAPS,8,1
460,54,T-12 Top,Cup,1,1
460,54,T-12 Top,Cup,3,1
460,54,T-12 Top,Cup,5,1
460,54,T-12 Top,Cup,6,1
460,54,T-12 Top,Cup,8,1
460,54,T-12 Top,Cup,9,1
460,54,T-12 Top,Cup,10,1
460,58,03-Awn,Awning,1,1
460,58,03-Awn,Awning,2,1
460,58,03-Awn,Awning,3,1
460,58,03-Awn,Awning,5,1
460,58,03-Awn,Awning,7,1
460,60,01- Big,Awning,1,1
460,60,01- Big,Awning,6,1
460,60,01- Big,Awning,7,1
460,60,01- Big,Awning,8,1
460,60,01- Big,Awning,9,1
460,68,F-10,Cup,1,1
460,68,F-10,Cup,2,1
460,68,F-10,Cup,3,1
460,68,F-10,Cup,5,1
460,68,F-10,Cup,6,1
467,8,T-24,Cup,3,1
467,8,T-24,Cup,5,1
446,68,F-10,Cup,8,1
467,15,T-21,Cup,1,1
467,15,T-21,Cup,3,1
467,15,T-21,Cup,4,1
467,15,T-21,Cup,5,1
467,15,T-21,Cup,6,1
467,15,T-21,Cup,9,1
467,16,T-09,Cup,3,1
467,16,T-09,Cup,4,1
467,16,T-09,Cup,5,1
467,16,T-09,Cup,7,1
467,16,T-09,Cup,8,1
467,17,T-32,Cup,1,1
467,17,T-32,Cup,2,1
467,17,T-32,Cup,3,1
467,17,T-32,Cup,5,1
467,17,T-32,Cup,6,1
467,17,T-32,Cup,7,1
467,17,T-32,Cup,8,1
467,17,T-32,Cup,9,1
467,18,T-23,Cup,1,1
467,18,T-23,Cup,3,1
467,18,T-23,Cup,4,1
467,18,T-23,Cup,5,1
467,18,T-23,Cup,6,1
467,18,T-23,Cup,7,1
467,18,T-23,Cup,8,1
467,19,T-29,NOAPS,2,1
467,19,T-29,NOAPS,3,1
467,19,T-29,NOAPS,5,1
467,19,T-29,NOAPS,7,1
467,15,T-21,Cup,2,1
467,13,T-08,NOAPS,10,1
467,8,T-24,Cup,6,1
467,13,T-08,NOAPS,9,1
467,8,T-24,Cup,7,1
467,8,T-24,Cup,8,1
467,8,T-24,Cup,10,1
467,9,T-33,Cup,1,1
467,9,T-33,Cup,2,1
467,9,T-33,Cup,3,1
467,9,T-33,Cup,4,1
467,9,T-33,Cup,5,1
467,9,T-33,Cup,6,1
467,9,T-33,Cup,7,1
467,9,T-33,Cup,8,1
467,11,T-12,Cup,1,1
467,11,T-12,Cup,2,1
467,11,T-12,Cup,3,1
467,11,T-12,Cup,5,1
467,11,T-12,Cup,7,1
467,11,T-12,Cup,9,1
467,12,T-11,NOAPS,1,1
467,12,T-11,NOAPS,2,1
467,12,T-11,NOAPS,3,1
467,12,T-11,NOAPS,5,1
467,12,T-11,NOAPS,7,1
467,12,T-11,NOAPS,10,1
467,13,T-08,NOAPS,1,1
467,13,T-08,NOAPS,3,1
467,13,T-08,NOAPS,5,1
467,13,T-08,NOAPS,6,1
467,13,T-08,NOAPS,7,1
467,13,T-08,NOAPS,8,1
460,40,T-15,NOAPS,5,1
460,33,T-34,Cup,10,1
460,33,T-34,Cup,8,1
460,8,T-24,Cup,5,1
460,8,T-24,Cup,7,1
460,8,T-24,Cup,8,1
460,8,T-24,Cup,10,1
460,9,T-33,Cup,1,1
460,9,T-33,Cup,2,1
460,9,T-33,Cup,3,1
460,9,T-33,Cup,4,1
460,9,T-33,Cup,5,1
460,9,T-33,Cup,6,1
460,9,T-33,Cup,7,1
460,9,T-33,Cup,10,1
460,11,T-12,Cup,1,1
460,11,T-12,Cup,2,1
460,11,T-12,Cup,3,1
460,11,T-12,Cup,5,1
460,11,T-12,Cup,7,1
460,11,T-12,Cup,8,1
460,12,T-11,NOAPS,1,1
460,12,T-11,NOAPS,3,1
460,12,T-11,NOAPS,5,1
460,12,T-11,NOAPS,6,1
460,12,T-11,NOAPS,7,1
460,12,T-11,NOAPS,9,1
460,12,T-11,NOAPS,10,1
460,15,T-21,Cup,1,1
460,15,T-21,Cup,2,1
460,15,T-21,Cup,3,1
460,15,T-21,Cup,4,1
460,15,T-21,Cup,5,1
460,8,T-24,Cup,6,1
460,8,T-24,Cup,4,1
460,33,T-34,Cup,7,1
460,8,T-24,Cup,3,1
446,79,T-37,Cup,2,1
446,79,T-37,Cup,3,1
446,79,T-37,Cup,5,1
446,79,T-37,Cup,6,1
446,79,T-37,Cup,7,1
446,80,T-38,NOAPS,1,1
446,80,T-38,NOAPS,2,1
446,80,T-38,NOAPS,3,1
446,80,T-38,NOAPS,5,1
446,80,T-38,NOAPS,6,1
446,80,T-38,NOAPS,7,1
446,80,T-38,NOAPS,10,1
460,6,T-22,NOAPS,3,1
460,6,T-22,NOAPS,4,1
460,6,T-22,NOAPS,5,1
460,6,T-22,NOAPS,6,1
460,6,T-22,NOAPS,7,1
460,6,T-22,NOAPS,8,1
460,6,T-22,NOAPS,9,1
460,6,T-22,NOAPS,10,1
460,7,T-07,Cup,1,1
460,7,T-07,Cup,2,1
460,7,T-07,Cup,3,1
460,7,T-07,Cup,4,1
460,7,T-07,Cup,5,1
460,7,T-07,Cup,6,1
460,7,T-07,Cup,8,1
460,8,T-24,Cup,1,1
460,8,T-24,Cup,2,1
460,15,T-21,Cup,6,1
460,15,T-21,Cup,9,1
460,16,T-09,Cup,2,1
460,16,T-09,Cup,3,1
460,24,T-10,Cup,1,1
460,24,T-10,Cup,2,1
460,24,T-10,Cup,3,1
460,24,T-10,Cup,4,1
460,24,T-10,Cup,5,1
460,24,T-10,Cup,6,1
460,24,T-10,Cup,7,1
460,24,T-10,Cup,8,1
460,24,T-10,Cup,9,1
460,26,T-25,Cup,1,1
460,26,T-25,Cup,3,1
460,26,T-25,Cup,4,1
460,26,T-25,Cup,5,1
460,26,T-25,Cup,6,1
460,26,T-25,Cup,7,1
460,26,T-25,Cup,8,1
460,28,T-35,Cup,1,1
460,28,T-35,Cup,2,1
460,28,T-35,Cup,3,1
460,28,T-35,Cup,4,1
460,28,T-35,Cup,5,1
460,28,T-35,Cup,6,1
460,28,T-35,Cup,8,1
460,28,T-35,Cup,9,1
460,33,T-34,Cup,1,1
460,33,T-34,Cup,2,1
460,33,T-34,Cup,3,1
460,33,T-34,Cup,4,1
460,33,T-34,Cup,6,1
460,22,T-28,NOAPS,10,1
460,22,T-28,NOAPS,7,1
460,22,T-28,NOAPS,6,1
460,19,T-29,NOAPS,4,1
460,16,T-09,Cup,4,1
460,16,T-09,Cup,5,1
460,16,T-09,Cup,7,1
460,16,T-09,Cup,8,1
460,17,T-32,Cup,1,1
460,17,T-32,Cup,2,1
460,17,T-32,Cup,3,1
460,17,T-32,Cup,5,1
460,17,T-32,Cup,6,1
460,17,T-32,Cup,7,1
460,17,T-32,Cup,9,1
460,19,T-29,NOAPS,2,1
460,19,T-29,NOAPS,3,1
460,19,T-29,NOAPS,5,1
460,22,T-28,NOAPS,5,1
460,19,T-29,NOAPS,6,1
460,19,T-29,NOAPS,7,1
460,19,T-29,NOAPS,8,1
460,19,T-29,NOAPS,9,1
460,21,T-31,Cup,1,1
460,21,T-31,Cup,2,1
460,21,T-31,Cup,5,1
460,21,T-31,Cup,9,1
460,21,T-31,Cup,10,1
460,22,T-28,NOAPS,1,1
460,22,T-28,NOAPS,2,1
460,22,T-28,NOAPS,3,1
460,22,T-28,NOAPS,4,1
467,21,T-31,Cup,1,1
467,21,T-31,Cup,2,1
467,21,T-31,Cup,5,1
474,18,T-23,Cup,6,1
474,18,T-23,Cup,8,1
474,18,T-23,Cup,10,1
474,19,T-29,NOAPS,3,1
474,19,T-29,NOAPS,4,1
474,19,T-29,NOAPS,5,1
474,19,T-29,NOAPS,6,1
474,19,T-29,NOAPS,7,1
474,19,T-29,NOAPS,8,1
474,21,T-31,Cup,1,1
474,21,T-31,Cup,2,1
474,21,T-31,Cup,5,1
474,21,T-31,Cup,9,1
474,21,T-31,Cup,10,1
474,22,T-28,NOAPS,1,1
474,22,T-28,NOAPS,2,1
474,22,T-28,NOAPS,3,1
474,22,T-28,NOAPS,4,1
474,22,T-28,NOAPS,5,1
474,22,T-28,NOAPS,6,1
474,22,T-28,NOAPS,7,1
474,22,T-28,NOAPS,8,1
474,24,T-10,Cup,1,1
474,24,T-10,Cup,2,1
474,24,T-10,Cup,3,1
474,24,T-10,Cup,4,1
474,24,T-10,Cup,5,1
474,24,T-10,Cup,6,1
474,24,T-10,Cup,7,1
474,24,T-10,Cup,8,1
474,18,T-23,Cup,7,1
474,18,T-23,Cup,5,1
474,13,T-08,NOAPS,5,1
474,18,T-23,Cup,4,1
474,13,T-08,NOAPS,7,1
474,13,T-08,NOAPS,8,1
474,13,T-08,NOAPS,10,1
474,15,T-21,Cup,1,1
474,15,T-21,Cup,2,1
474,15,T-21,Cup,3,1
474,15,T-21,Cup,4,1
474,15,T-21,Cup,5,1
474,15,T-21,Cup,6,1
474,15,T-21,Cup,9,1
474,16,T-09,Cup,1,1
474,16,T-09,Cup,2,1
474,16,T-09,Cup,3,1
474,16,T-09,Cup,4,1
474,16,T-09,Cup,5,1
474,16,T-09,Cup,7,1
474,16,T-09,Cup,8,1
474,16,T-09,Cup,9,1
474,17,T-32,Cup,1,1
474,17,T-32,Cup,2,1
474,17,T-32,Cup,3,1
474,17,T-32,Cup,5,1
474,17,T-32,Cup,6,1
474,17,T-32,Cup,7,1
474,17,T-32,Cup,8,1
474,17,T-32,Cup,9,1
474,18,T-23,Cup,1,1
474,18,T-23,Cup,2,1
474,18,T-23,Cup,3,1
474,24,T-10,Cup,9,1
474,26,T-25,Cup,1,1
474,26,T-25,Cup,3,1
474,26,T-25,Cup,4,1
474,58,03-Awn,Awning,1,1
474,58,03-Awn,Awning,2,1
474,58,03-Awn,Awning,3,1
474,58,03-Awn,Awning,4,1
474,58,03-Awn,Awning,5,1
474,58,03-Awn,Awning,7,1
474,60,01- Big,Awning,4,1
474,60,01- Big,Awning,6,1
474,60,01- Big,Awning,8,1
474,60,01- Big,Awning,9,1
474,68,F-10,Cup,1,1
474,68,F-10,Cup,2,1
474,68,F-10,Cup,3,1
474,68,F-10,Cup,5,1
474,68,F-10,Cup,6,1
474,68,F-10,Cup,7,1
474,68,F-10,Cup,8,1
474,79,T-37,Cup,1,1
474,79,T-37,Cup,2,1
474,79,T-37,Cup,3,1
474,79,T-37,Cup,5,1
474,79,T-37,Cup,6,1
474,79,T-37,Cup,7,1
474,80,T-38,NOAPS,1,1
474,80,T-38,NOAPS,2,1
474,80,T-38,NOAPS,3,1
474,80,T-38,NOAPS,5,1
474,80,T-38,NOAPS,6,1
474,80,T-38,NOAPS,7,1
474,55,T-02,NOAPS,3,1
474,54,T-12 Top,Cup,9,1
474,54,T-12 Top,Cup,8,1
474,33,T-34,Cup,2,1
474,26,T-25,Cup,5,1
474,26,T-25,Cup,6,1
474,26,T-25,Cup,7,1
474,26,T-25,Cup,8,1
474,28,T-35,Cup,1,1
474,28,T-35,Cup,2,1
474,28,T-35,Cup,3,1
474,28,T-35,Cup,4,1
474,28,T-35,Cup,5,1
474,28,T-35,Cup,6,1
474,28,T-35,Cup,8,1
474,28,T-35,Cup,9,1
474,33,T-34,Cup,1,1
474,33,T-34,Cup,3,1
474,54,T-12 Top,Cup,7,1
474,33,T-34,Cup,4,1
474,33,T-34,Cup,5,1
474,33,T-34,Cup,6,1
474,33,T-34,Cup,8,1
474,33,T-34,Cup,9,1
474,33,T-34,Cup,10,1
474,40,T-15,NOAPS,3,1
474,40,T-15,NOAPS,4,1
474,40,T-15,NOAPS,5,1
474,54,T-12 Top,Cup,1,1
474,54,T-12 Top,Cup,3,1
474,54,T-12 Top,Cup,5,1
474,54,T-12 Top,Cup,6,1
474,13,T-08,NOAPS,6,1
474,13,T-08,NOAPS,4,1
467,22,T-28,NOAPS,1,1
467,33,T-34,Cup,5,1
467,33,T-34,Cup,7,1
467,33,T-34,Cup,10,1
467,51,T-06,NOAPS,1,1
467,51,T-06,NOAPS,2,1
467,51,T-06,NOAPS,5,1
467,51,T-06,NOAPS,7,1
467,51,T-06,NOAPS,8,1
467,54,T-12 Top,Cup,3,1
467,54,T-12 Top,Cup,5,1
467,54,T-12 Top,Cup,6,1
467,54,T-12 Top,Cup,8,1
467,54,T-12 Top,Cup,9,1
467,54,T-12 Top,Cup,10,1
467,55,T-02,NOAPS,3,1
467,55,T-02,NOAPS,4,1
467,55,T-02,NOAPS,5,1
467,55,T-02,NOAPS,8,1
467,58,03-Awn,Awning,1,1
467,58,03-Awn,Awning,2,1
467,58,03-Awn,Awning,3,1
467,58,03-Awn,Awning,4,1
467,58,03-Awn,Awning,5,1
467,58,03-Awn,Awning,7,1
467,60,01- Big,Awning,1,1
467,60,01- Big,Awning,6,1
467,60,01- Big,Awning,7,1
467,60,01- Big,Awning,8,1
467,68,F-10,Cup,1,1
467,68,F-10,Cup,2,1
467,33,T-34,Cup,6,1
467,33,T-34,Cup,2,1
474,13,T-08,NOAPS,3,1
467,33,T-34,Cup,1,1
467,22,T-28,NOAPS,2,1
467,22,T-28,NOAPS,3,1
467,22,T-28,NOAPS,5,1
467,22,T-28,NOAPS,6,1
467,22,T-28,NOAPS,7,1
467,22,T-28,NOAPS,8,1
467,22,T-28,NOAPS,9,1
467,24,T-10,Cup,1,1
467,24,T-10,Cup,2,1
467,24,T-10,Cup,3,1
467,24,T-10,Cup,4,1
467,24,T-10,Cup,5,1
467,24,T-10,Cup,6,1
467,24,T-10,Cup,7,1
467,24,T-10,Cup,8,1
467,24,T-10,Cup,9,1
467,26,T-25,Cup,1,1
467,26,T-25,Cup,3,1
467,26,T-25,Cup,4,1
467,26,T-25,Cup,5,1
467,26,T-25,Cup,6,1
467,28,T-35,Cup,1,1
467,28,T-35,Cup,2,1
467,28,T-35,Cup,3,1
467,28,T-35,Cup,4,1
467,28,T-35,Cup,5,1
467,28,T-35,Cup,6,1
467,28,T-35,Cup,8,1
467,28,T-35,Cup,9,1
467,68,F-10,Cup,3,1
467,68,F-10,Cup,5,1
467,68,F-10,Cup,6,1
467,68,F-10,Cup,7,1
474,8,T-24,Cup,4,1
474,8,T-24,Cup,5,1
474,8,T-24,Cup,6,1
474,8,T-24,Cup,7,1
474,8,T-24,Cup,8,1
474,8,T-24,Cup,10,1
474,9,T-33,Cup,1,1
474,9,T-33,Cup,2,1
474,9,T-33,Cup,3,1
474,9,T-33,Cup,4,1
474,9,T-33,Cup,5,1
474,9,T-33,Cup,6,1
474,9,T-33,Cup,7,1
474,9,T-33,Cup,8,1
474,9,T-33,Cup,10,1
474,11,T-12,Cup,1,1
474,11,T-12,Cup,2,1
474,11,T-12,Cup,3,1
474,11,T-12,Cup,5,1
474,11,T-12,Cup,7,1
474,11,T-12,Cup,8,1
474,11,T-12,Cup,9,1
474,12,T-11,NOAPS,1,1
474,12,T-11,NOAPS,2,1
474,12,T-11,NOAPS,3,1
474,12,T-11,NOAPS,5,1
474,12,T-11,NOAPS,6,1
474,12,T-11,NOAPS,7,1
474,13,T-08,NOAPS,1,1
474,8,T-24,Cup,3,1
474,8,T-24,Cup,2,1
474,8,T-24,Cup,1,1
467,80,T-38,NOAPS,6,1
467,68,F-10,Cup,8,1
467,79,T-37,Cup,1,1
467,79,T-37,Cup,2,1
467,79,T-37,Cup,3,1
467,79,T-37,Cup,5,1
467,79,T-37,Cup,6,1
467,79,T-37,Cup,7,1
467,79,T-37,Cup,10,1
467,80,T-38,NOAPS,1,1
467,80,T-38,NOAPS,2,1
467,80,T-38,NOAPS,3,1
467,80,T-38,NOAPS,4,1
467,80,T-38,NOAPS,5,1
467,80,T-38,NOAPS,8,1
474,7,T-07,Cup,10,1
467,80,T-38,NOAPS,9,1
469,26,T-25,Cup,3,1
471,56,T-03,NOAPS,1,1
471,56,T-03,NOAPS,2,1
471,56,T-03,NOAPS,3,1
471,56,T-03,NOAPS,5,1
474,7,T-07,Cup,1,1
474,7,T-07,Cup,2,1
474,7,T-07,Cup,3,1
474,7,T-07,Cup,4,1
474,7,T-07,Cup,5,1
474,7,T-07,Cup,6,1
474,7,T-07,Cup,8,1
446,79,T-37,Cup,1,1
446,68,F-10,Cup,7,1
443,60,01- Big,Awning,6,1
444,58,03-Awn,Awning,2,1
444,58,03-Awn,Awning,4,1
444,58,03-Awn,Awning,5,1
444,58,03-Awn,Awning,7,1
444,60,01- Big,Awning,4,1
444,60,01- Big,Awning,6,1
444,60,01- Big,Awning,8,1
444,60,01- Big,Awning,9,1
444,68,F-10,Cup,1,1
444,68,F-10,Cup,2,1
444,68,F-10,Cup,3,1
444,68,F-10,Cup,5,1
444,68,F-10,Cup,6,1
444,68,F-10,Cup,7,1
444,68,F-10,Cup,8,1
444,79,T-37,Cup,1,1
444,79,T-37,Cup,2,1
444,79,T-37,Cup,3,1
444,79,T-37,Cup,5,1
444,79,T-37,Cup,6,1
444,79,T-37,Cup,7,1
444,79,T-37,Cup,10,1
444,80,T-38,NOAPS,1,1
444,80,T-38,NOAPS,2,1
444,80,T-38,NOAPS,3,1
444,80,T-38,NOAPS,5,1
444,80,T-38,NOAPS,6,1
444,80,T-38,NOAPS,7,1
445,7,T-07,Cup,1,1
445,7,T-07,Cup,2,1
444,58,03-Awn,Awning,3,1
444,58,03-Awn,Awning,1,1
445,7,T-07,Cup,4,1
444,54,T-12 Top,Cup,9,1
444,26,T-25,Cup,3,1
444,26,T-25,Cup,4,1
444,26,T-25,Cup,5,1
444,26,T-25,Cup,6,1
444,26,T-25,Cup,7,1
444,26,T-25,Cup,8,1
444,28,T-35,Cup,1,1
444,28,T-35,Cup,2,1
444,28,T-35,Cup,3,1
444,28,T-35,Cup,4,1
444,28,T-35,Cup,5,1
444,28,T-35,Cup,6,1
444,28,T-35,Cup,8,1
444,28,T-35,Cup,9,1
444,33,T-34,Cup,1,1
437,13,T-08,NOAPS,5,1
444,33,T-34,Cup,3,1
444,33,T-34,Cup,4,1
444,33,T-34,Cup,5,1
444,33,T-34,Cup,6,1
444,33,T-34,Cup,8,1
444,33,T-34,Cup,9,1
444,33,T-34,Cup,10,1
444,54,T-12 Top,Cup,1,1
444,54,T-12 Top,Cup,3,1
444,54,T-12 Top,Cup,5,1
444,54,T-12 Top,Cup,6,1
444,54,T-12 Top,Cup,7,1
444,54,T-12 Top,Cup,8,1
445,7,T-07,Cup,3,1
445,7,T-07,Cup,5,1
446,68,F-10,Cup,6,1
445,12,T-11,NOAPS,6,1
445,13,T-08,NOAPS,1,1
445,13,T-08,NOAPS,2,1
445,13,T-08,NOAPS,3,1
445,13,T-08,NOAPS,4,1
445,13,T-08,NOAPS,5,1
445,13,T-08,NOAPS,6,1
445,13,T-08,NOAPS,8,1
445,13,T-08,NOAPS,9,1
445,15,T-21,Cup,1,1
445,15,T-21,Cup,2,1
445,15,T-21,Cup,3,1
445,15,T-21,Cup,4,1
445,15,T-21,Cup,5,1
445,15,T-21,Cup,6,1
445,15,T-21,Cup,9,1
445,16,T-09,Cup,1,1
445,16,T-09,Cup,2,1
445,16,T-09,Cup,3,1
445,16,T-09,Cup,4,1
445,16,T-09,Cup,5,1
445,16,T-09,Cup,7,1
445,16,T-09,Cup,8,1
445,16,T-09,Cup,9,1
445,17,T-32,Cup,1,1
445,17,T-32,Cup,2,1
445,17,T-32,Cup,3,1
445,17,T-32,Cup,5,1
445,17,T-32,Cup,6,1
445,17,T-32,Cup,7,1
445,12,T-11,NOAPS,7,1
445,12,T-11,NOAPS,5,1
445,7,T-07,Cup,6,1
445,12,T-11,NOAPS,3,1
445,7,T-07,Cup,8,1
445,7,T-07,Cup,10,1
445,8,T-24,Cup,1,1
445,8,T-24,Cup,2,1
445,8,T-24,Cup,3,1
445,8,T-24,Cup,4,1
445,8,T-24,Cup,5,1
445,8,T-24,Cup,6,1
445,8,T-24,Cup,7,1
445,8,T-24,Cup,8,1
445,8,T-24,Cup,10,1
445,9,T-33,Cup,1,1
445,9,T-33,Cup,2,1
445,9,T-33,Cup,3,1
445,9,T-33,Cup,4,1
445,9,T-33,Cup,5,1
445,9,T-33,Cup,6,1
445,9,T-33,Cup,7,1
445,9,T-33,Cup,8,1
445,9,T-33,Cup,10,1
445,11,T-12,Cup,1,1
445,11,T-12,Cup,2,1
445,11,T-12,Cup,3,1
445,11,T-12,Cup,5,1
445,11,T-12,Cup,7,1
445,11,T-12,Cup,8,1
445,11,T-12,Cup,9,1
445,12,T-11,NOAPS,1,1
445,12,T-11,NOAPS,2,1
444,26,T-25,Cup,1,1
444,24,T-10,Cup,9,1
444,24,T-10,Cup,8,1
444,8,T-24,Cup,2,1
444,8,T-24,Cup,4,1
444,8,T-24,Cup,5,1
444,8,T-24,Cup,6,1
444,8,T-24,Cup,7,1
444,8,T-24,Cup,8,1
444,8,T-24,Cup,10,1
444,9,T-33,Cup,1,1
444,9,T-33,Cup,2,1
444,9,T-33,Cup,3,1
444,9,T-33,Cup,4,1
444,9,T-33,Cup,5,1
444,9,T-33,Cup,6,1
444,9,T-33,Cup,7,1
444,9,T-33,Cup,8,1
444,9,T-33,Cup,10,1
444,11,T-12,Cup,1,1
444,11,T-12,Cup,2,1
444,11,T-12,Cup,3,1
444,11,T-12,Cup,5,1
444,11,T-12,Cup,7,1
444,11,T-12,Cup,8,1
444,11,T-12,Cup,9,1
444,12,T-11,NOAPS,1,1
444,12,T-11,NOAPS,2,1
444,12,T-11,NOAPS,3,1
444,12,T-11,NOAPS,5,1
444,12,T-11,NOAPS,6,1
444,12,T-11,NOAPS,7,1
444,13,T-08,NOAPS,1,1
444,8,T-24,Cup,3,1
444,8,T-24,Cup,1,1
444,24,T-10,Cup,7,1
444,7,T-07,Cup,10,1
443,60,01- Big,Awning,8,1
443,60,01- Big,Awning,9,1
443,68,F-10,Cup,1,1
443,68,F-10,Cup,2,1
443,68,F-10,Cup,3,1
443,68,F-10,Cup,5,1
443,68,F-10,Cup,6,1
443,68,F-10,Cup,7,1
443,68,F-10,Cup,8,1
443,79,T-37,Cup,1,1
443,79,T-37,Cup,2,1
443,79,T-37,Cup,3,1
443,79,T-37,Cup,5,1
443,79,T-37,Cup,6,1
443,79,T-37,Cup,7,1
443,79,T-37,Cup,10,1
443,80,T-38,NOAPS,1,1
443,80,T-38,NOAPS,2,1
443,80,T-38,NOAPS,3,1
443,80,T-38,NOAPS,5,1
443,80,T-38,NOAPS,6,1
443,80,T-38,NOAPS,7,1
444,7,T-07,Cup,1,1
444,7,T-07,Cup,2,1
444,7,T-07,Cup,3,1
444,7,T-07,Cup,4,1
444,7,T-07,Cup,5,1
444,7,T-07,Cup,6,1
444,7,T-07,Cup,8,1
444,13,T-08,NOAPS,2,1
444,13,T-08,NOAPS,3,1
444,13,T-08,NOAPS,4,1
444,13,T-08,NOAPS,5,1
444,18,T-23,Cup,7,1
444,18,T-23,Cup,8,1
444,18,T-23,Cup,9,1
444,18,T-23,Cup,10,1
444,19,T-29,NOAPS,3,1
444,19,T-29,NOAPS,4,1
444,19,T-29,NOAPS,5,1
444,19,T-29,NOAPS,6,1
444,19,T-29,NOAPS,7,1
444,19,T-29,NOAPS,8,1
444,21,T-31,Cup,1,1
444,21,T-31,Cup,2,1
444,21,T-31,Cup,5,1
444,21,T-31,Cup,9,1
444,21,T-31,Cup,10,1
444,22,T-28,NOAPS,1,1
444,22,T-28,NOAPS,2,1
444,22,T-28,NOAPS,3,1
444,22,T-28,NOAPS,4,1
444,22,T-28,NOAPS,5,1
444,22,T-28,NOAPS,6,1
444,22,T-28,NOAPS,7,1
444,22,T-28,NOAPS,8,1
444,24,T-10,Cup,1,1
444,24,T-10,Cup,2,1
444,24,T-10,Cup,3,1
444,24,T-10,Cup,4,1
444,24,T-10,Cup,5,1
444,24,T-10,Cup,6,1
444,18,T-23,Cup,6,1
444,18,T-23,Cup,5,1
444,18,T-23,Cup,4,1
444,16,T-09,Cup,4,1
444,13,T-08,NOAPS,6,1
444,13,T-08,NOAPS,8,1
444,13,T-08,NOAPS,9,1
444,15,T-21,Cup,1,1
444,15,T-21,Cup,2,1
444,15,T-21,Cup,3,1
444,15,T-21,Cup,4,1
444,15,T-21,Cup,5,1
444,15,T-21,Cup,6,1
444,15,T-21,Cup,9,1
444,16,T-09,Cup,1,1
444,16,T-09,Cup,2,1
444,16,T-09,Cup,3,1
444,16,T-09,Cup,5,1
444,18,T-23,Cup,3,1
444,16,T-09,Cup,7,1
444,16,T-09,Cup,8,1
444,16,T-09,Cup,9,1
444,17,T-32,Cup,1,1
444,17,T-32,Cup,2,1
444,17,T-32,Cup,3,1
444,17,T-32,Cup,5,1
444,17,T-32,Cup,6,1
444,17,T-32,Cup,7,1
444,17,T-32,Cup,8,1
444,17,T-32,Cup,9,1
444,18,T-23,Cup,1,1
444,18,T-23,Cup,2,1
445,17,T-32,Cup,8,1
445,17,T-32,Cup,9,1
445,18,T-23,Cup,1,1
446,16,T-09,Cup,9,1
446,17,T-32,Cup,2,1
446,17,T-32,Cup,3,1
446,17,T-32,Cup,5,1
446,17,T-32,Cup,6,1
446,17,T-32,Cup,7,1
446,17,T-32,Cup,8,1
446,17,T-32,Cup,9,1
446,18,T-23,Cup,1,1
446,18,T-23,Cup,2,1
446,18,T-23,Cup,3,1
446,18,T-23,Cup,4,1
446,18,T-23,Cup,5,1
446,18,T-23,Cup,6,1
446,18,T-23,Cup,7,1
446,18,T-23,Cup,8,1
446,18,T-23,Cup,10,1
446,19,T-29,NOAPS,3,1
446,19,T-29,NOAPS,4,1
446,19,T-29,NOAPS,5,1
446,19,T-29,NOAPS,6,1
446,19,T-29,NOAPS,7,1
446,19,T-29,NOAPS,8,1
446,21,T-31,Cup,1,1
446,21,T-31,Cup,2,1
446,21,T-31,Cup,5,1
446,21,T-31,Cup,9,1
446,21,T-31,Cup,10,1
446,22,T-28,NOAPS,1,1
446,22,T-28,NOAPS,2,1
446,17,T-32,Cup,1,1
446,16,T-09,Cup,8,1
446,11,T-12,Cup,3,1
446,16,T-09,Cup,7,1
446,11,T-12,Cup,7,1
446,11,T-12,Cup,8,1
446,11,T-12,Cup,9,1
446,12,T-11,NOAPS,1,1
446,12,T-11,NOAPS,2,1
446,12,T-11,NOAPS,3,1
446,12,T-11,NOAPS,5,1
446,12,T-11,NOAPS,6,1
446,12,T-11,NOAPS,7,1
446,13,T-08,NOAPS,1,1
446,13,T-08,NOAPS,3,1
446,13,T-08,NOAPS,4,1
446,13,T-08,NOAPS,5,1
446,13,T-08,NOAPS,6,1
446,13,T-08,NOAPS,7,1
446,13,T-08,NOAPS,8,1
446,13,T-08,NOAPS,10,1
446,15,T-21,Cup,1,1
446,15,T-21,Cup,2,1
446,15,T-21,Cup,3,1
446,15,T-21,Cup,4,1
446,15,T-21,Cup,5,1
446,15,T-21,Cup,6,1
446,15,T-21,Cup,9,1
446,16,T-09,Cup,1,1
446,16,T-09,Cup,2,1
446,16,T-09,Cup,3,1
446,16,T-09,Cup,4,1
446,16,T-09,Cup,5,1
446,22,T-28,NOAPS,3,1
446,22,T-28,NOAPS,4,1
446,22,T-28,NOAPS,5,1
446,22,T-28,NOAPS,6,1
446,33,T-34,Cup,8,1
446,33,T-34,Cup,9,1
446,33,T-34,Cup,10,1
446,40,T-15,NOAPS,3,1
446,40,T-15,NOAPS,4,1
446,40,T-15,NOAPS,5,1
446,54,T-12 Top,Cup,1,1
446,54,T-12 Top,Cup,3,1
446,54,T-12 Top,Cup,5,1
446,54,T-12 Top,Cup,6,1
446,54,T-12 Top,Cup,7,1
446,54,T-12 Top,Cup,8,1
446,54,T-12 Top,Cup,9,1
446,55,T-02,NOAPS,5,1
446,55,T-02,NOAPS,6,1
446,58,03-Awn,Awning,1,1
446,58,03-Awn,Awning,2,1
446,58,03-Awn,Awning,3,1
446,58,03-Awn,Awning,4,1
446,58,03-Awn,Awning,5,1
446,58,03-Awn,Awning,7,1
446,60,01- Big,Awning,4,1
446,60,01- Big,Awning,6,1
446,60,01- Big,Awning,8,1
446,60,01- Big,Awning,9,1
446,68,F-10,Cup,1,1
446,68,F-10,Cup,2,1
446,68,F-10,Cup,3,1
446,68,F-10,Cup,5,1
446,33,T-34,Cup,6,1
446,33,T-34,Cup,5,1
446,33,T-34,Cup,4,1
446,26,T-25,Cup,4,1
446,22,T-28,NOAPS,7,1
446,22,T-28,NOAPS,8,1
446,24,T-10,Cup,1,1
446,24,T-10,Cup,2,1
446,24,T-10,Cup,3,1
446,24,T-10,Cup,4,1
446,24,T-10,Cup,5,1
446,24,T-10,Cup,6,1
446,24,T-10,Cup,7,1
446,24,T-10,Cup,8,1
446,24,T-10,Cup,9,1
446,26,T-25,Cup,1,1
446,26,T-25,Cup,3,1
446,26,T-25,Cup,5,1
446,33,T-34,Cup,3,1
446,26,T-25,Cup,6,1
446,26,T-25,Cup,7,1
446,26,T-25,Cup,8,1
446,28,T-35,Cup,1,1
446,28,T-35,Cup,2,1
446,28,T-35,Cup,3,1
446,28,T-35,Cup,4,1
446,28,T-35,Cup,5,1
446,28,T-35,Cup,6,1
446,28,T-35,Cup,8,1
446,28,T-35,Cup,9,1
446,33,T-34,Cup,1,1
446,33,T-34,Cup,2,1
446,11,T-12,Cup,5,1
446,11,T-12,Cup,2,1
445,18,T-23,Cup,2,1
445,24,T-10,Cup,6,1
445,24,T-10,Cup,8,1
445,24,T-10,Cup,9,1
445,26,T-25,Cup,1,1
445,26,T-25,Cup,3,1
445,26,T-25,Cup,4,1
445,26,T-25,Cup,5,1
445,26,T-25,Cup,6,1
445,26,T-25,Cup,7,1
445,26,T-25,Cup,8,1
445,28,T-35,Cup,1,1
445,28,T-35,Cup,2,1
445,28,T-35,Cup,3,1
445,28,T-35,Cup,4,1
445,28,T-35,Cup,5,1
445,28,T-35,Cup,6,1
445,28,T-35,Cup,8,1
445,28,T-35,Cup,9,1
445,33,T-34,Cup,1,1
445,33,T-34,Cup,2,1
445,33,T-34,Cup,3,1
445,33,T-34,Cup,4,1
445,33,T-34,Cup,5,1
445,33,T-34,Cup,6,1
445,33,T-34,Cup,8,1
445,33,T-34,Cup,9,1
445,33,T-34,Cup,10,1
445,40,T-15,NOAPS,3,1
445,40,T-15,NOAPS,4,1
445,40,T-15,NOAPS,5,1
445,24,T-10,Cup,7,1
445,24,T-10,Cup,5,1
446,11,T-12,Cup,1,1
445,24,T-10,Cup,4,1
445,18,T-23,Cup,3,1
445,18,T-23,Cup,4,1
445,18,T-23,Cup,5,1
445,18,T-23,Cup,6,1
445,18,T-23,Cup,7,1
445,18,T-23,Cup,8,1
445,18,T-23,Cup,10,1
445,19,T-29,NOAPS,3,1
445,19,T-29,NOAPS,4,1
445,19,T-29,NOAPS,5,1
445,19,T-29,NOAPS,6,1
445,19,T-29,NOAPS,7,1
445,19,T-29,NOAPS,8,1
445,21,T-31,Cup,1,1
445,21,T-31,Cup,2,1
445,21,T-31,Cup,5,1
445,21,T-31,Cup,9,1
445,21,T-31,Cup,10,1
445,22,T-28,NOAPS,1,1
445,22,T-28,NOAPS,2,1
445,22,T-28,NOAPS,3,1
445,22,T-28,NOAPS,4,1
445,22,T-28,NOAPS,5,1
445,22,T-28,NOAPS,6,1
445,22,T-28,NOAPS,7,1
445,22,T-28,NOAPS,8,1
445,24,T-10,Cup,1,1
445,24,T-10,Cup,2,1
445,24,T-10,Cup,3,1
445,54,T-12 Top,Cup,1,1
445,54,T-12 Top,Cup,3,1
445,54,T-12 Top,Cup,5,1
445,54,T-12 Top,Cup,6,1
445,80,T-38,NOAPS,5,1
445,80,T-38,NOAPS,6,1
445,80,T-38,NOAPS,7,1
446,7,T-07,Cup,1,1
446,7,T-07,Cup,2,1
446,7,T-07,Cup,3,1
446,7,T-07,Cup,4,1
446,7,T-07,Cup,5,1
446,7,T-07,Cup,6,1
446,7,T-07,Cup,8,1
446,7,T-07,Cup,10,1
446,8,T-24,Cup,1,1
446,8,T-24,Cup,2,1
446,8,T-24,Cup,3,1
446,8,T-24,Cup,4,1
446,8,T-24,Cup,5,1
446,8,T-24,Cup,6,1
446,8,T-24,Cup,7,1
446,8,T-24,Cup,8,1
446,8,T-24,Cup,10,1
446,9,T-33,Cup,1,1
446,9,T-33,Cup,2,1
446,9,T-33,Cup,3,1
446,9,T-33,Cup,4,1
446,9,T-33,Cup,5,1
446,9,T-33,Cup,6,1
446,9,T-33,Cup,7,1
446,9,T-33,Cup,8,1
446,9,T-33,Cup,10,1
445,80,T-38,NOAPS,3,1
445,80,T-38,NOAPS,2,1
445,80,T-38,NOAPS,1,1
445,60,01- Big,Awning,8,1
445,54,T-12 Top,Cup,7,1
445,54,T-12 Top,Cup,8,1
445,54,T-12 Top,Cup,9,1
445,55,T-02,NOAPS,5,1
445,55,T-02,NOAPS,6,1
445,58,03-Awn,Awning,1,1
445,58,03-Awn,Awning,2,1
445,58,03-Awn,Awning,3,1
445,58,03-Awn,Awning,4,1
445,58,03-Awn,Awning,5,1
445,58,03-Awn,Awning,7,1
445,60,01- Big,Awning,4,1
445,60,01- Big,Awning,6,1
445,60,01- Big,Awning,9,1
445,79,T-37,Cup,10,1
445,68,F-10,Cup,1,1
445,68,F-10,Cup,2,1
445,68,F-10,Cup,3,1
445,68,F-10,Cup,5,1
445,68,F-10,Cup,6,1
445,68,F-10,Cup,7,1
445,68,F-10,Cup,8,1
445,79,T-37,Cup,1,1
445,79,T-37,Cup,2,1
445,79,T-37,Cup,3,1
445,79,T-37,Cup,5,1
445,79,T-37,Cup,6,1
445,79,T-37,Cup,7,1
437,13,T-08,NOAPS,6,1
436,15,T-21,Cup,4,1
437,13,T-08,NOAPS,4,1
428,8,T-24,Cup,4,1
428,6,T-22,NOAPS,7,1
428,6,T-22,NOAPS,8,1
428,6,T-22,NOAPS,9,1
428,6,T-22,NOAPS,10,1
428,7,T-07,Cup,1,1
428,7,T-07,Cup,2,1
428,7,T-07,Cup,3,1
428,7,T-07,Cup,4,1
428,7,T-07,Cup,5,1
428,7,T-07,Cup,6,1
428,7,T-07,Cup,8,1
428,8,T-24,Cup,1,1
428,8,T-24,Cup,2,1
428,8,T-24,Cup,3,1
428,8,T-24,Cup,5,1
426,58,03-Awn,Awning,1,1
428,8,T-24,Cup,6,1
428,8,T-24,Cup,7,1
428,8,T-24,Cup,8,1
428,8,T-24,Cup,10,1
428,9,T-33,Cup,1,1
428,9,T-33,Cup,2,1
428,9,T-33,Cup,3,1
428,9,T-33,Cup,4,1
428,9,T-33,Cup,5,1
428,9,T-33,Cup,6,1
428,9,T-33,Cup,7,1
428,9,T-33,Cup,10,1
428,11,T-12,Cup,1,1
428,11,T-12,Cup,2,1
428,6,T-22,NOAPS,6,1
428,6,T-22,NOAPS,5,1
428,6,T-22,NOAPS,3,1
428,6,T-22,NOAPS,1,1
426,58,03-Awn,Awning,3,1
426,58,03-Awn,Awning,4,1
426,58,03-Awn,Awning,5,1
426,58,03-Awn,Awning,7,1
426,60,01- Big,Awning,1,1
426,60,01- Big,Awning,6,1
426,60,01- Big,Awning,7,1
426,60,01- Big,Awning,8,1
426,60,01- Big,Awning,9,1
426,68,F-10,Cup,1,1
426,68,F-10,Cup,2,1
426,68,F-10,Cup,3,1
426,68,F-10,Cup,5,1
426,68,F-10,Cup,6,1
426,68,F-10,Cup,7,1
426,68,F-10,Cup,8,1
426,79,T-37,Cup,1,1
426,79,T-37,Cup,2,1
426,79,T-37,Cup,3,1
426,79,T-37,Cup,5,1
426,79,T-37,Cup,6,1
426,79,T-37,Cup,7,1
426,79,T-37,Cup,10,1
426,80,T-38,NOAPS,1,1
426,80,T-38,NOAPS,2,1
426,80,T-38,NOAPS,3,1
426,80,T-38,NOAPS,5,1
426,80,T-38,NOAPS,6,1
426,80,T-38,NOAPS,8,1
428,11,T-12,Cup,3,1
428,11,T-12,Cup,5,1
428,11,T-12,Cup,7,1
428,17,T-32,Cup,6,1
428,17,T-32,Cup,8,1
428,17,T-32,Cup,9,1
428,19,T-29,NOAPS,2,1
428,19,T-29,NOAPS,3,1
428,19,T-29,NOAPS,4,1
428,19,T-29,NOAPS,5,1
428,19,T-29,NOAPS,6,1
428,19,T-29,NOAPS,7,1
428,19,T-29,NOAPS,8,1
428,19,T-29,NOAPS,9,1
428,21,T-31,Cup,1,1
428,21,T-31,Cup,2,1
428,21,T-31,Cup,5,1
428,21,T-31,Cup,9,1
428,21,T-31,Cup,10,1
428,22,T-28,NOAPS,1,1
428,22,T-28,NOAPS,2,1
428,22,T-28,NOAPS,3,1
428,22,T-28,NOAPS,4,1
428,22,T-28,NOAPS,5,1
428,22,T-28,NOAPS,6,1
428,22,T-28,NOAPS,7,1
428,22,T-28,NOAPS,10,1
428,24,T-10,Cup,1,1
428,24,T-10,Cup,2,1
428,24,T-10,Cup,3,1
428,24,T-10,Cup,4,1
428,24,T-10,Cup,5,1
428,24,T-10,Cup,6,1
428,17,T-32,Cup,7,1
428,17,T-32,Cup,5,1
428,11,T-12,Cup,8,1
428,17,T-32,Cup,3,1
428,12,T-11,NOAPS,1,1
428,12,T-11,NOAPS,3,1
428,12,T-11,NOAPS,5,1
428,12,T-11,NOAPS,6,1
428,12,T-11,NOAPS,7,1
428,12,T-11,NOAPS,9,1
428,12,T-11,NOAPS,10,1
428,13,T-08,NOAPS,1,1
428,13,T-08,NOAPS,3,1
428,13,T-08,NOAPS,4,1
428,13,T-08,NOAPS,5,1
428,13,T-08,NOAPS,6,1
428,13,T-08,NOAPS,7,1
428,13,T-08,NOAPS,8,1
428,15,T-21,Cup,1,1
428,15,T-21,Cup,2,1
428,15,T-21,Cup,3,1
428,15,T-21,Cup,4,1
428,15,T-21,Cup,5,1
428,15,T-21,Cup,6,1
428,15,T-21,Cup,9,1
428,16,T-09,Cup,2,1
428,16,T-09,Cup,3,1
428,16,T-09,Cup,4,1
428,16,T-09,Cup,5,1
428,16,T-09,Cup,7,1
428,16,T-09,Cup,8,1
428,17,T-32,Cup,1,1
428,17,T-32,Cup,2,1
426,58,03-Awn,Awning,2,1
426,55,T-02,NOAPS,4,1
428,24,T-10,Cup,8,1
426,13,T-08,NOAPS,8,1
426,11,T-12,Cup,8,1
426,12,T-11,NOAPS,1,1
426,12,T-11,NOAPS,3,1
426,12,T-11,NOAPS,5,1
426,12,T-11,NOAPS,6,1
426,12,T-11,NOAPS,7,1
426,12,T-11,NOAPS,9,1
426,12,T-11,NOAPS,10,1
426,13,T-08,NOAPS,1,1
426,13,T-08,NOAPS,3,1
426,13,T-08,NOAPS,4,1
426,13,T-08,NOAPS,5,1
426,13,T-08,NOAPS,6,1
426,13,T-08,NOAPS,7,1
426,15,T-21,Cup,1,1
426,55,T-02,NOAPS,3,1
426,15,T-21,Cup,2,1
426,15,T-21,Cup,3,1
426,15,T-21,Cup,4,1
426,15,T-21,Cup,5,1
426,15,T-21,Cup,6,1
426,15,T-21,Cup,9,1
426,16,T-09,Cup,2,1
426,16,T-09,Cup,3,1
426,16,T-09,Cup,4,1
426,16,T-09,Cup,5,1
426,16,T-09,Cup,7,1
426,16,T-09,Cup,8,1
426,17,T-32,Cup,1,1
426,17,T-32,Cup,2,1
426,11,T-12,Cup,7,1
426,11,T-12,Cup,5,1
426,11,T-12,Cup,3,1
426,11,T-12,Cup,2,1
426,6,T-22,NOAPS,7,1
426,6,T-22,NOAPS,8,1
426,6,T-22,NOAPS,9,1
426,6,T-22,NOAPS,10,1
426,7,T-07,Cup,1,1
426,7,T-07,Cup,2,1
426,7,T-07,Cup,3,1
426,7,T-07,Cup,4,1
426,7,T-07,Cup,5,1
426,7,T-07,Cup,6,1
426,7,T-07,Cup,8,1
426,8,T-24,Cup,1,1
426,8,T-24,Cup,2,1
426,8,T-24,Cup,3,1
426,8,T-24,Cup,4,1
426,8,T-24,Cup,5,1
426,8,T-24,Cup,6,1
426,8,T-24,Cup,7,1
426,8,T-24,Cup,8,1
426,8,T-24,Cup,10,1
426,9,T-33,Cup,1,1
426,9,T-33,Cup,2,1
426,9,T-33,Cup,3,1
426,9,T-33,Cup,4,1
426,9,T-33,Cup,5,1
426,9,T-33,Cup,6,1
426,9,T-33,Cup,7,1
426,9,T-33,Cup,10,1
426,11,T-12,Cup,1,1
426,17,T-32,Cup,3,1
426,17,T-32,Cup,5,1
426,17,T-32,Cup,6,1
426,24,T-10,Cup,9,1
426,26,T-25,Cup,3,1
426,26,T-25,Cup,4,1
426,26,T-25,Cup,5,1
426,26,T-25,Cup,6,1
426,26,T-25,Cup,7,1
426,26,T-25,Cup,8,1
426,28,T-35,Cup,1,1
426,28,T-35,Cup,2,1
426,28,T-35,Cup,3,1
426,28,T-35,Cup,4,1
426,28,T-35,Cup,5,1
426,28,T-35,Cup,6,1
426,28,T-35,Cup,8,1
426,28,T-35,Cup,9,1
426,33,T-34,Cup,1,1
426,33,T-34,Cup,2,1
426,33,T-34,Cup,3,1
426,33,T-34,Cup,4,1
426,33,T-34,Cup,6,1
426,33,T-34,Cup,7,1
426,33,T-34,Cup,8,1
426,33,T-34,Cup,10,1
426,54,T-12 Top,Cup,1,1
426,54,T-12 Top,Cup,3,1
426,54,T-12 Top,Cup,5,1
426,54,T-12 Top,Cup,6,1
426,54,T-12 Top,Cup,8,1
426,54,T-12 Top,Cup,9,1
426,54,T-12 Top,Cup,10,1
426,26,T-25,Cup,1,1
426,24,T-10,Cup,8,1
426,17,T-32,Cup,7,1
426,24,T-10,Cup,7,1
426,17,T-32,Cup,8,1
426,17,T-32,Cup,9,1
426,19,T-29,NOAPS,2,1
426,19,T-29,NOAPS,3,1
426,19,T-29,NOAPS,4,1
426,19,T-29,NOAPS,5,1
426,19,T-29,NOAPS,6,1
426,19,T-29,NOAPS,7,1
426,19,T-29,NOAPS,8,1
426,19,T-29,NOAPS,9,1
426,21,T-31,Cup,1,1
426,21,T-31,Cup,2,1
426,21,T-31,Cup,5,1
426,21,T-31,Cup,9,1
426,21,T-31,Cup,10,1
426,22,T-28,NOAPS,1,1
426,22,T-28,NOAPS,2,1
426,22,T-28,NOAPS,3,1
426,22,T-28,NOAPS,4,1
426,22,T-28,NOAPS,5,1
426,22,T-28,NOAPS,6,1
426,22,T-28,NOAPS,7,1
426,22,T-28,NOAPS,10,1
426,24,T-10,Cup,1,1
426,24,T-10,Cup,2,1
426,24,T-10,Cup,3,1
426,24,T-10,Cup,4,1
426,24,T-10,Cup,5,1
426,24,T-10,Cup,6,1
428,24,T-10,Cup,7,1
428,24,T-10,Cup,9,1
426,6,T-22,NOAPS,5,1
429,33,T-34,Cup,4,1
429,26,T-25,Cup,4,1
429,26,T-25,Cup,5,1
429,26,T-25,Cup,6,1
429,26,T-25,Cup,7,1
429,26,T-25,Cup,8,1
429,26,T-25,Cup,10,1
429,28,T-35,Cup,2,1
429,28,T-35,Cup,4,1
429,28,T-35,Cup,5,1
429,28,T-35,Cup,6,1
429,28,T-35,Cup,8,1
429,33,T-34,Cup,1,1
429,33,T-34,Cup,2,1
429,33,T-34,Cup,3,1
429,33,T-34,Cup,5,1
429,17,T-32,Cup,7,1
429,33,T-34,Cup,6,1
429,33,T-34,Cup,7,1
429,33,T-34,Cup,8,1
429,42,T-17,NOAPS,9,1
429,42,T-17,NOAPS,10,1
429,54,T-12 Top,Cup,1,1
429,54,T-12 Top,Cup,3,1
429,54,T-12 Top,Cup,5,1
429,54,T-12 Top,Cup,6,1
429,54,T-12 Top,Cup,8,1
429,54,T-12 Top,Cup,9,1
429,54,T-12 Top,Cup,10,1
429,58,03-Awn,Awning,1,1
429,58,03-Awn,Awning,2,1
429,26,T-25,Cup,3,1
429,26,T-25,Cup,1,1
429,24,T-10,Cup,9,1
429,24,T-10,Cup,8,1
429,17,T-32,Cup,9,1
429,17,T-32,Cup,10,1
429,19,T-29,NOAPS,1,1
429,19,T-29,NOAPS,3,1
429,19,T-29,NOAPS,4,1
429,19,T-29,NOAPS,5,1
429,19,T-29,NOAPS,6,1
429,19,T-29,NOAPS,7,1
429,19,T-29,NOAPS,8,1
429,19,T-29,NOAPS,9,1
429,21,T-31,Cup,1,1
429,21,T-31,Cup,2,1
429,21,T-31,Cup,5,1
429,21,T-31,Cup,9,1
429,22,T-28,NOAPS,1,1
429,22,T-28,NOAPS,2,1
429,22,T-28,NOAPS,3,1
429,22,T-28,NOAPS,4,1
429,22,T-28,NOAPS,5,1
429,22,T-28,NOAPS,6,1
429,22,T-28,NOAPS,7,1
429,22,T-28,NOAPS,10,1
429,24,T-10,Cup,1,1
429,24,T-10,Cup,2,1
429,24,T-10,Cup,3,1
429,24,T-10,Cup,4,1
429,24,T-10,Cup,5,1
429,24,T-10,Cup,6,1
429,24,T-10,Cup,7,1
429,58,03-Awn,Awning,3,1
429,58,03-Awn,Awning,5,1
429,58,03-Awn,Awning,7,1
430,7,T-07,Cup,1,1
430,7,T-07,Cup,3,1
430,7,T-07,Cup,4,1
430,7,T-07,Cup,5,1
430,7,T-07,Cup,6,1
430,7,T-07,Cup,8,1
430,7,T-07,Cup,10,1
430,8,T-24,Cup,1,1
430,8,T-24,Cup,2,1
430,8,T-24,Cup,3,1
430,8,T-24,Cup,4,1
430,8,T-24,Cup,5,1
430,8,T-24,Cup,6,1
430,8,T-24,Cup,7,1
430,8,T-24,Cup,8,1
430,9,T-33,Cup,1,1
430,9,T-33,Cup,2,1
430,9,T-33,Cup,3,1
430,9,T-33,Cup,4,1
430,9,T-33,Cup,5,1
430,9,T-33,Cup,6,1
430,9,T-33,Cup,7,1
430,9,T-33,Cup,8,1
430,11,T-12,Cup,1,1
430,11,T-12,Cup,2,1
430,11,T-12,Cup,3,1
430,11,T-12,Cup,5,1
430,11,T-12,Cup,8,1
430,11,T-12,Cup,9,1
430,12,T-11,NOAPS,1,1
430,7,T-07,Cup,2,1
430,6,T-22,NOAPS,8,1
429,60,01- Big,Awning,1,1
430,6,T-22,NOAPS,7,1
429,60,01- Big,Awning,6,1
429,60,01- Big,Awning,7,1
429,60,01- Big,Awning,8,1
429,60,01- Big,Awning,9,1
429,68,F-10,Cup,1,1
429,68,F-10,Cup,2,1
429,68,F-10,Cup,3,1
429,68,F-10,Cup,5,1
429,68,F-10,Cup,6,1
429,68,F-10,Cup,7,1
429,68,F-10,Cup,8,1
429,79,T-37,Cup,1,1
429,79,T-37,Cup,2,1
429,79,T-37,Cup,3,1
429,79,T-37,Cup,5,1
429,79,T-37,Cup,6,1
429,79,T-37,Cup,7,1
429,79,T-37,Cup,10,1
429,80,T-38,NOAPS,1,1
429,80,T-38,NOAPS,2,1
429,80,T-38,NOAPS,3,1
429,80,T-38,NOAPS,5,1
429,80,T-38,NOAPS,6,1
429,80,T-38,NOAPS,7,1
429,80,T-38,NOAPS,8,1
430,6,T-22,NOAPS,1,1
430,6,T-22,NOAPS,4,1
430,6,T-22,NOAPS,5,1
430,6,T-22,NOAPS,6,1
429,17,T-32,Cup,8,1
429,17,T-32,Cup,6,1
428,26,T-25,Cup,1,1
428,79,T-37,Cup,1,1
428,58,03-Awn,Awning,5,1
428,58,03-Awn,Awning,7,1
428,60,01- Big,Awning,1,1
428,60,01- Big,Awning,6,1
428,60,01- Big,Awning,7,1
428,60,01- Big,Awning,8,1
428,60,01- Big,Awning,9,1
428,68,F-10,Cup,1,1
428,68,F-10,Cup,2,1
428,68,F-10,Cup,3,1
428,68,F-10,Cup,5,1
428,68,F-10,Cup,6,1
428,68,F-10,Cup,7,1
428,68,F-10,Cup,8,1
428,79,T-37,Cup,2,1
429,17,T-32,Cup,5,1
428,79,T-37,Cup,3,1
428,79,T-37,Cup,5,1
428,79,T-37,Cup,6,1
428,79,T-37,Cup,7,1
428,79,T-37,Cup,10,1
428,80,T-38,NOAPS,1,1
428,80,T-38,NOAPS,2,1
428,80,T-38,NOAPS,3,1
428,80,T-38,NOAPS,5,1
428,80,T-38,NOAPS,6,1
428,80,T-38,NOAPS,7,1
428,80,T-38,NOAPS,8,1
429,6,T-22,NOAPS,1,1
429,6,T-22,NOAPS,3,1
428,58,03-Awn,Awning,3,1
428,58,03-Awn,Awning,2,1
428,58,03-Awn,Awning,1,1
428,54,T-12 Top,Cup,10,1
428,26,T-25,Cup,3,1
428,26,T-25,Cup,4,1
428,26,T-25,Cup,5,1
428,26,T-25,Cup,6,1
428,26,T-25,Cup,7,1
428,26,T-25,Cup,8,1
428,28,T-35,Cup,1,1
428,28,T-35,Cup,2,1
428,28,T-35,Cup,3,1
428,28,T-35,Cup,4,1
428,28,T-35,Cup,5,1
428,28,T-35,Cup,6,1
428,28,T-35,Cup,8,1
428,28,T-35,Cup,9,1
428,33,T-34,Cup,1,1
428,33,T-34,Cup,2,1
428,33,T-34,Cup,3,1
428,33,T-34,Cup,4,1
428,33,T-34,Cup,6,1
428,33,T-34,Cup,7,1
428,33,T-34,Cup,8,1
428,33,T-34,Cup,10,1
428,42,T-17,NOAPS,6,1
428,54,T-12 Top,Cup,1,1
428,54,T-12 Top,Cup,3,1
428,54,T-12 Top,Cup,5,1
428,54,T-12 Top,Cup,6,1
428,54,T-12 Top,Cup,8,1
428,54,T-12 Top,Cup,9,1
429,6,T-22,NOAPS,5,1
429,6,T-22,NOAPS,6,1
429,6,T-22,NOAPS,7,1
429,11,T-12,Cup,8,1
429,12,T-11,NOAPS,3,1
429,12,T-11,NOAPS,5,1
429,12,T-11,NOAPS,6,1
429,12,T-11,NOAPS,7,1
429,12,T-11,NOAPS,9,1
429,12,T-11,NOAPS,10,1
429,13,T-08,NOAPS,1,1
429,13,T-08,NOAPS,3,1
429,13,T-08,NOAPS,4,1
429,13,T-08,NOAPS,5,1
429,13,T-08,NOAPS,6,1
429,13,T-08,NOAPS,7,1
429,13,T-08,NOAPS,8,1
429,15,T-21,Cup,1,1
429,15,T-21,Cup,2,1
429,15,T-21,Cup,3,1
429,15,T-21,Cup,4,1
429,15,T-21,Cup,5,1
429,15,T-21,Cup,6,1
429,15,T-21,Cup,9,1
429,16,T-09,Cup,2,1
429,16,T-09,Cup,3,1
429,16,T-09,Cup,4,1
429,16,T-09,Cup,5,1
429,16,T-09,Cup,7,1
429,16,T-09,Cup,8,1
429,17,T-32,Cup,1,1
429,17,T-32,Cup,2,1
429,17,T-32,Cup,3,1
429,12,T-11,NOAPS,1,1
429,11,T-12,Cup,7,1
429,6,T-22,NOAPS,8,1
429,11,T-12,Cup,5,1
429,6,T-22,NOAPS,9,1
429,6,T-22,NOAPS,10,1
429,7,T-07,Cup,1,1
429,7,T-07,Cup,2,1
429,7,T-07,Cup,3,1
429,7,T-07,Cup,4,1
429,7,T-07,Cup,5,1
429,7,T-07,Cup,6,1
429,8,T-24,Cup,1,1
429,8,T-24,Cup,2,1
429,8,T-24,Cup,3,1
429,8,T-24,Cup,4,1
429,8,T-24,Cup,5,1
429,8,T-24,Cup,6,1
429,8,T-24,Cup,7,1
429,8,T-24,Cup,8,1
429,8,T-24,Cup,10,1
429,9,T-33,Cup,1,1
429,9,T-33,Cup,2,1
429,9,T-33,Cup,3,1
429,9,T-33,Cup,4,1
429,9,T-33,Cup,5,1
429,9,T-33,Cup,6,1
429,9,T-33,Cup,7,1
429,9,T-33,Cup,8,1
429,9,T-33,Cup,10,1
429,11,T-12,Cup,1,1
429,11,T-12,Cup,2,1
429,11,T-12,Cup,3,1
426,6,T-22,NOAPS,6,1
426,6,T-22,NOAPS,3,1
430,12,T-11,NOAPS,5,1
423,6,T-22,NOAPS,6,1
422,79,T-37,Cup,3,1
422,79,T-37,Cup,5,1
422,79,T-37,Cup,6,1
422,79,T-37,Cup,7,1
422,79,T-37,Cup,10,1
422,80,T-38,NOAPS,1,1
422,80,T-38,NOAPS,3,1
422,80,T-38,NOAPS,5,1
422,80,T-38,NOAPS,6,1
422,80,T-38,NOAPS,7,1
422,80,T-38,NOAPS,8,1
423,6,T-22,NOAPS,1,1
423,6,T-22,NOAPS,3,1
423,6,T-22,NOAPS,5,1
423,6,T-22,NOAPS,7,1
422,51,T-06,NOAPS,7,1
423,6,T-22,NOAPS,8,1
423,6,T-22,NOAPS,9,1
423,6,T-22,NOAPS,10,1
423,7,T-07,Cup,1,1
423,7,T-07,Cup,2,1
423,7,T-07,Cup,3,1
423,7,T-07,Cup,4,1
423,7,T-07,Cup,5,1
423,7,T-07,Cup,6,1
423,7,T-07,Cup,8,1
423,8,T-24,Cup,1,1
423,8,T-24,Cup,2,1
423,8,T-24,Cup,3,1
423,8,T-24,Cup,4,1
422,79,T-37,Cup,2,1
422,79,T-37,Cup,1,1
422,68,F-10,Cup,8,1
422,68,F-10,Cup,7,1
422,51,T-06,NOAPS,9,1
422,54,T-12 Top,Cup,1,1
422,54,T-12 Top,Cup,3,1
422,54,T-12 Top,Cup,5,1
422,54,T-12 Top,Cup,6,1
422,54,T-12 Top,Cup,8,1
422,54,T-12 Top,Cup,9,1
422,54,T-12 Top,Cup,10,1
422,55,T-02,NOAPS,1,1
422,55,T-02,NOAPS,2,1
422,55,T-02,NOAPS,3,1
422,55,T-02,NOAPS,6,1
422,55,T-02,NOAPS,7,1
422,58,03-Awn,Awning,1,1
422,58,03-Awn,Awning,2,1
422,58,03-Awn,Awning,3,1
422,58,03-Awn,Awning,4,1
422,58,03-Awn,Awning,5,1
422,58,03-Awn,Awning,7,1
422,60,01- Big,Awning,1,1
422,60,01- Big,Awning,6,1
422,60,01- Big,Awning,7,1
422,60,01- Big,Awning,8,1
422,60,01- Big,Awning,9,1
422,68,F-10,Cup,1,1
422,68,F-10,Cup,2,1
422,68,F-10,Cup,3,1
422,68,F-10,Cup,5,1
422,68,F-10,Cup,6,1
423,8,T-24,Cup,5,1
423,8,T-24,Cup,6,1
423,8,T-24,Cup,7,1
423,15,T-21,Cup,3,1
423,15,T-21,Cup,5,1
423,15,T-21,Cup,6,1
423,15,T-21,Cup,9,1
423,16,T-09,Cup,2,1
423,16,T-09,Cup,3,1
423,16,T-09,Cup,4,1
423,16,T-09,Cup,5,1
423,16,T-09,Cup,7,1
423,16,T-09,Cup,8,1
423,17,T-32,Cup,1,1
423,17,T-32,Cup,2,1
423,17,T-32,Cup,3,1
423,17,T-32,Cup,5,1
423,17,T-32,Cup,6,1
423,17,T-32,Cup,7,1
423,17,T-32,Cup,8,1
423,17,T-32,Cup,9,1
423,19,T-29,NOAPS,2,1
423,19,T-29,NOAPS,3,1
423,19,T-29,NOAPS,4,1
423,19,T-29,NOAPS,5,1
423,19,T-29,NOAPS,6,1
423,19,T-29,NOAPS,7,1
423,19,T-29,NOAPS,8,1
423,19,T-29,NOAPS,9,1
423,21,T-31,Cup,1,1
423,21,T-31,Cup,2,1
423,21,T-31,Cup,5,1
423,21,T-31,Cup,9,1
423,15,T-21,Cup,4,1
423,15,T-21,Cup,2,1
423,8,T-24,Cup,8,1
423,15,T-21,Cup,1,1
423,8,T-24,Cup,10,1
423,9,T-33,Cup,1,1
423,9,T-33,Cup,2,1
423,9,T-33,Cup,3,1
423,9,T-33,Cup,4,1
423,9,T-33,Cup,5,1
423,9,T-33,Cup,6,1
423,9,T-33,Cup,7,1
423,9,T-33,Cup,10,1
423,11,T-12,Cup,1,1
423,11,T-12,Cup,2,1
423,11,T-12,Cup,3,1
423,11,T-12,Cup,5,1
423,11,T-12,Cup,7,1
423,11,T-12,Cup,8,1
423,12,T-11,NOAPS,1,1
423,12,T-11,NOAPS,3,1
423,12,T-11,NOAPS,5,1
423,12,T-11,NOAPS,6,1
423,12,T-11,NOAPS,7,1
423,12,T-11,NOAPS,9,1
423,12,T-11,NOAPS,10,1
423,13,T-08,NOAPS,1,1
423,13,T-08,NOAPS,3,1
423,13,T-08,NOAPS,4,1
423,13,T-08,NOAPS,5,1
423,13,T-08,NOAPS,6,1
423,13,T-08,NOAPS,7,1
423,13,T-08,NOAPS,8,1
422,51,T-06,NOAPS,8,1
422,51,T-06,NOAPS,6,1
423,22,T-28,NOAPS,1,1
422,13,T-08,NOAPS,8,1
422,11,T-12,Cup,5,1
422,12,T-11,NOAPS,1,1
422,12,T-11,NOAPS,3,1
422,12,T-11,NOAPS,5,1
422,12,T-11,NOAPS,6,1
422,12,T-11,NOAPS,7,1
422,12,T-11,NOAPS,9,1
422,12,T-11,NOAPS,10,1
422,13,T-08,NOAPS,1,1
422,13,T-08,NOAPS,3,1
422,13,T-08,NOAPS,4,1
422,13,T-08,NOAPS,5,1
422,13,T-08,NOAPS,6,1
422,13,T-08,NOAPS,7,1
422,15,T-21,Cup,1,1
422,51,T-06,NOAPS,5,1
422,15,T-21,Cup,2,1
422,15,T-21,Cup,3,1
422,15,T-21,Cup,4,1
422,15,T-21,Cup,5,1
422,15,T-21,Cup,6,1
422,15,T-21,Cup,9,1
422,16,T-09,Cup,2,1
422,16,T-09,Cup,3,1
422,16,T-09,Cup,4,1
422,16,T-09,Cup,5,1
422,16,T-09,Cup,7,1
422,16,T-09,Cup,8,1
422,17,T-32,Cup,1,1
422,17,T-32,Cup,2,1
422,11,T-12,Cup,3,1
422,11,T-12,Cup,2,1
422,11,T-12,Cup,1,1
422,9,T-33,Cup,8,1
422,6,T-22,NOAPS,5,1
422,6,T-22,NOAPS,6,1
422,6,T-22,NOAPS,7,1
422,6,T-22,NOAPS,8,1
422,6,T-22,NOAPS,9,1
422,6,T-22,NOAPS,10,1
422,7,T-07,Cup,1,1
422,7,T-07,Cup,2,1
422,7,T-07,Cup,3,1
422,7,T-07,Cup,4,1
422,7,T-07,Cup,5,1
422,7,T-07,Cup,6,1
422,7,T-07,Cup,8,1
422,8,T-24,Cup,1,1
422,8,T-24,Cup,2,1
422,8,T-24,Cup,3,1
422,8,T-24,Cup,4,1
422,8,T-24,Cup,5,1
422,8,T-24,Cup,6,1
422,8,T-24,Cup,7,1
422,8,T-24,Cup,8,1
422,8,T-24,Cup,10,1
422,9,T-33,Cup,1,1
422,9,T-33,Cup,2,1
422,9,T-33,Cup,3,1
422,9,T-33,Cup,4,1
422,9,T-33,Cup,5,1
422,9,T-33,Cup,6,1
422,9,T-33,Cup,7,1
422,17,T-32,Cup,3,1
422,17,T-32,Cup,5,1
422,17,T-32,Cup,6,1
422,24,T-10,Cup,3,1
422,24,T-10,Cup,5,1
422,24,T-10,Cup,6,1
422,24,T-10,Cup,7,1
422,24,T-10,Cup,8,1
422,24,T-10,Cup,9,1
422,26,T-25,Cup,3,1
422,26,T-25,Cup,4,1
422,26,T-25,Cup,5,1
422,26,T-25,Cup,6,1
422,26,T-25,Cup,7,1
422,26,T-25,Cup,8,1
422,26,T-25,Cup,10,1
422,28,T-35,Cup,1,1
422,28,T-35,Cup,2,1
422,28,T-35,Cup,3,1
422,28,T-35,Cup,4,1
422,28,T-35,Cup,5,1
422,28,T-35,Cup,6,1
422,28,T-35,Cup,7,1
422,28,T-35,Cup,8,1
422,28,T-35,Cup,9,1
422,33,T-34,Cup,2,1
422,33,T-34,Cup,4,1
422,33,T-34,Cup,5,1
422,33,T-34,Cup,6,1
422,33,T-34,Cup,7,1
422,33,T-34,Cup,10,1
422,51,T-06,NOAPS,2,1
422,51,T-06,NOAPS,3,1
422,24,T-10,Cup,4,1
422,24,T-10,Cup,2,1
422,17,T-32,Cup,8,1
422,24,T-10,Cup,1,1
422,17,T-32,Cup,9,1
422,18,T-23,Cup,1,1
422,18,T-23,Cup,3,1
422,18,T-23,Cup,4,1
422,18,T-23,Cup,5,1
422,18,T-23,Cup,6,1
422,18,T-23,Cup,7,1
422,18,T-23,Cup,8,1
422,19,T-29,NOAPS,2,1
422,19,T-29,NOAPS,3,1
422,19,T-29,NOAPS,4,1
422,19,T-29,NOAPS,5,1
422,19,T-29,NOAPS,6,1
422,19,T-29,NOAPS,7,1
422,19,T-29,NOAPS,8,1
422,19,T-29,NOAPS,9,1
422,21,T-31,Cup,1,1
422,21,T-31,Cup,2,1
422,21,T-31,Cup,5,1
422,21,T-31,Cup,9,1
422,21,T-31,Cup,10,1
422,22,T-28,NOAPS,1,1
422,22,T-28,NOAPS,2,1
422,22,T-28,NOAPS,3,1
422,22,T-28,NOAPS,4,1
422,22,T-28,NOAPS,5,1
422,22,T-28,NOAPS,6,1
422,22,T-28,NOAPS,7,1
422,22,T-28,NOAPS,10,1
423,21,T-31,Cup,10,1
423,22,T-28,NOAPS,2,1
426,6,T-22,NOAPS,1,1
425,22,T-28,NOAPS,6,1
425,19,T-29,NOAPS,6,1
425,19,T-29,NOAPS,7,1
425,19,T-29,NOAPS,8,1
425,19,T-29,NOAPS,9,1
425,21,T-31,Cup,1,1
425,21,T-31,Cup,2,1
425,21,T-31,Cup,5,1
425,21,T-31,Cup,9,1
425,21,T-31,Cup,10,1
425,22,T-28,NOAPS,1,1
425,22,T-28,NOAPS,2,1
425,22,T-28,NOAPS,3,1
425,22,T-28,NOAPS,4,1
425,22,T-28,NOAPS,5,1
425,22,T-28,NOAPS,7,1
425,12,T-11,NOAPS,5,1
425,22,T-28,NOAPS,10,1
425,24,T-10,Cup,1,1
425,24,T-10,Cup,2,1
425,24,T-10,Cup,3,1
425,24,T-10,Cup,4,1
425,24,T-10,Cup,5,1
425,24,T-10,Cup,6,1
425,24,T-10,Cup,7,1
425,24,T-10,Cup,8,1
425,24,T-10,Cup,9,1
425,26,T-25,Cup,1,1
425,26,T-25,Cup,3,1
425,26,T-25,Cup,4,1
425,26,T-25,Cup,5,1
425,19,T-29,NOAPS,5,1
425,19,T-29,NOAPS,4,1
425,19,T-29,NOAPS,3,1
425,17,T-32,Cup,9,1
425,12,T-11,NOAPS,7,1
425,12,T-11,NOAPS,9,1
425,12,T-11,NOAPS,10,1
425,13,T-08,NOAPS,1,1
425,13,T-08,NOAPS,3,1
425,13,T-08,NOAPS,5,1
425,13,T-08,NOAPS,6,1
425,13,T-08,NOAPS,7,1
425,13,T-08,NOAPS,8,1
425,15,T-21,Cup,1,1
425,15,T-21,Cup,2,1
425,15,T-21,Cup,3,1
425,15,T-21,Cup,4,1
425,15,T-21,Cup,5,1
425,15,T-21,Cup,6,1
425,15,T-21,Cup,9,1
425,16,T-09,Cup,2,1
425,16,T-09,Cup,3,1
425,16,T-09,Cup,4,1
425,16,T-09,Cup,5,1
425,16,T-09,Cup,7,1
425,16,T-09,Cup,8,1
425,17,T-32,Cup,1,1
425,17,T-32,Cup,2,1
425,17,T-32,Cup,3,1
425,17,T-32,Cup,5,1
425,17,T-32,Cup,6,1
425,17,T-32,Cup,7,1
425,17,T-32,Cup,8,1
425,26,T-25,Cup,6,1
425,26,T-25,Cup,7,1
425,26,T-25,Cup,8,1
425,58,03-Awn,Awning,4,1
425,58,03-Awn,Awning,7,1
425,60,01- Big,Awning,1,1
425,60,01- Big,Awning,6,1
425,60,01- Big,Awning,7,1
425,60,01- Big,Awning,8,1
425,60,01- Big,Awning,9,1
425,68,F-10,Cup,1,1
425,68,F-10,Cup,2,1
425,68,F-10,Cup,3,1
425,68,F-10,Cup,5,1
425,68,F-10,Cup,6,1
425,68,F-10,Cup,7,1
425,68,F-10,Cup,8,1
425,79,T-37,Cup,1,1
425,79,T-37,Cup,2,1
425,79,T-37,Cup,3,1
425,79,T-37,Cup,5,1
425,79,T-37,Cup,6,1
425,79,T-37,Cup,7,1
425,79,T-37,Cup,10,1
425,80,T-38,NOAPS,1,1
425,80,T-38,NOAPS,2,1
425,80,T-38,NOAPS,3,1
425,80,T-38,NOAPS,4,1
425,80,T-38,NOAPS,5,1
425,80,T-38,NOAPS,6,1
425,80,T-38,NOAPS,7,1
425,80,T-38,NOAPS,8,1
425,80,T-38,NOAPS,9,1
425,58,03-Awn,Awning,5,1
425,58,03-Awn,Awning,3,1
425,28,T-35,Cup,1,1
425,58,03-Awn,Awning,2,1
425,28,T-35,Cup,2,1
425,28,T-35,Cup,3,1
425,28,T-35,Cup,4,1
425,28,T-35,Cup,5,1
425,28,T-35,Cup,6,1
425,28,T-35,Cup,8,1
425,28,T-35,Cup,9,1
425,33,T-34,Cup,1,1
425,33,T-34,Cup,2,1
425,33,T-34,Cup,3,1
425,33,T-34,Cup,4,1
425,33,T-34,Cup,6,1
425,33,T-34,Cup,7,1
425,33,T-34,Cup,8,1
425,33,T-34,Cup,10,1
425,51,T-06,NOAPS,1,1
425,51,T-06,NOAPS,2,1
425,51,T-06,NOAPS,4,1
425,51,T-06,NOAPS,7,1
425,51,T-06,NOAPS,8,1
425,51,T-06,NOAPS,10,1
425,54,T-12 Top,Cup,1,1
425,54,T-12 Top,Cup,3,1
425,54,T-12 Top,Cup,5,1
425,54,T-12 Top,Cup,6,1
425,54,T-12 Top,Cup,8,1
425,54,T-12 Top,Cup,9,1
425,54,T-12 Top,Cup,10,1
425,58,03-Awn,Awning,1,1
425,12,T-11,NOAPS,6,1
425,12,T-11,NOAPS,3,1
423,22,T-28,NOAPS,3,1
423,58,03-Awn,Awning,1,1
423,33,T-34,Cup,6,1
423,33,T-34,Cup,7,1
423,33,T-34,Cup,8,1
423,33,T-34,Cup,10,1
423,54,T-12 Top,Cup,1,1
423,54,T-12 Top,Cup,3,1
423,54,T-12 Top,Cup,5,1
423,54,T-12 Top,Cup,6,1
423,54,T-12 Top,Cup,8,1
423,54,T-12 Top,Cup,9,1
423,54,T-12 Top,Cup,10,1
423,55,T-02,NOAPS,3,1
423,55,T-02,NOAPS,6,1
423,55,T-02,NOAPS,7,1
423,58,03-Awn,Awning,2,1
425,12,T-11,NOAPS,2,1
423,58,03-Awn,Awning,3,1
423,58,03-Awn,Awning,4,1
423,58,03-Awn,Awning,5,1
423,58,03-Awn,Awning,7,1
423,60,01- Big,Awning,1,1
423,60,01- Big,Awning,6,1
423,60,01- Big,Awning,7,1
423,60,01- Big,Awning,8,1
423,60,01- Big,Awning,9,1
423,68,F-10,Cup,1,1
423,68,F-10,Cup,2,1
423,68,F-10,Cup,3,1
423,68,F-10,Cup,5,1
423,68,F-10,Cup,6,1
423,33,T-34,Cup,4,1
423,33,T-34,Cup,3,1
423,33,T-34,Cup,2,1
423,33,T-34,Cup,1,1
423,22,T-28,NOAPS,4,1
423,22,T-28,NOAPS,5,1
423,22,T-28,NOAPS,6,1
423,22,T-28,NOAPS,7,1
423,22,T-28,NOAPS,10,1
423,24,T-10,Cup,1,1
423,24,T-10,Cup,2,1
423,24,T-10,Cup,3,1
423,24,T-10,Cup,4,1
423,24,T-10,Cup,5,1
423,24,T-10,Cup,6,1
423,24,T-10,Cup,7,1
423,24,T-10,Cup,8,1
423,24,T-10,Cup,9,1
423,26,T-25,Cup,1,1
423,26,T-25,Cup,3,1
423,26,T-25,Cup,4,1
423,26,T-25,Cup,5,1
423,26,T-25,Cup,6,1
423,26,T-25,Cup,7,1
423,26,T-25,Cup,8,1
423,28,T-35,Cup,1,1
423,28,T-35,Cup,2,1
423,28,T-35,Cup,3,1
423,28,T-35,Cup,4,1
423,28,T-35,Cup,5,1
423,28,T-35,Cup,6,1
423,28,T-35,Cup,8,1
423,28,T-35,Cup,9,1
423,68,F-10,Cup,7,1
423,68,F-10,Cup,8,1
423,79,T-37,Cup,1,1
425,7,T-07,Cup,1,1
425,7,T-07,Cup,3,1
425,7,T-07,Cup,4,1
425,7,T-07,Cup,5,1
425,7,T-07,Cup,6,1
425,7,T-07,Cup,8,1
425,8,T-24,Cup,1,1
425,8,T-24,Cup,2,1
425,8,T-24,Cup,3,1
425,8,T-24,Cup,4,1
425,8,T-24,Cup,5,1
425,8,T-24,Cup,6,1
425,8,T-24,Cup,7,1
425,8,T-24,Cup,8,1
425,8,T-24,Cup,10,1
425,9,T-33,Cup,1,1
425,9,T-33,Cup,2,1
425,9,T-33,Cup,3,1
425,9,T-33,Cup,4,1
425,9,T-33,Cup,5,1
425,9,T-33,Cup,6,1
425,9,T-33,Cup,7,1
425,9,T-33,Cup,10,1
425,11,T-12,Cup,1,1
425,11,T-12,Cup,2,1
425,11,T-12,Cup,3,1
425,11,T-12,Cup,5,1
425,11,T-12,Cup,7,1
425,11,T-12,Cup,8,1
425,12,T-11,NOAPS,1,1
425,7,T-07,Cup,2,1
425,6,T-22,NOAPS,10,1
423,79,T-37,Cup,2,1
425,6,T-22,NOAPS,9,1
423,79,T-37,Cup,3,1
423,79,T-37,Cup,5,1
423,79,T-37,Cup,6,1
423,79,T-37,Cup,7,1
423,79,T-37,Cup,10,1
423,80,T-38,NOAPS,3,1
423,80,T-38,NOAPS,5,1
423,80,T-38,NOAPS,6,1
423,80,T-38,NOAPS,7,1
423,80,T-38,NOAPS,8,1
424,6,T-22,NOAPS,1,1
424,8,T-24,Cup,3,1
424,8,T-24,Cup,4,1
424,8,T-24,Cup,5,1
424,8,T-24,Cup,9,1
424,12,T-11,NOAPS,1,1
424,12,T-11,NOAPS,2,1
424,12,T-11,NOAPS,3,1
424,12,T-11,NOAPS,5,1
424,12,T-11,NOAPS,7,1
424,21,T-31,Cup,4,1
424,21,T-31,Cup,5,1
424,21,T-31,Cup,7,1
425,6,T-22,NOAPS,1,1
425,6,T-22,NOAPS,3,1
425,6,T-22,NOAPS,5,1
425,6,T-22,NOAPS,6,1
425,6,T-22,NOAPS,7,1
425,6,T-22,NOAPS,8,1
430,12,T-11,NOAPS,3,1
430,12,T-11,NOAPS,6,1
437,13,T-08,NOAPS,3,1
435,11,T-12,Cup,8,1
435,8,T-24,Cup,10,1
435,9,T-33,Cup,1,1
435,9,T-33,Cup,2,1
435,9,T-33,Cup,3,1
435,9,T-33,Cup,4,1
435,9,T-33,Cup,5,1
435,9,T-33,Cup,6,1
435,9,T-33,Cup,7,1
435,9,T-33,Cup,10,1
435,11,T-12,Cup,1,1
435,11,T-12,Cup,2,1
435,11,T-12,Cup,3,1
435,11,T-12,Cup,5,1
435,11,T-12,Cup,7,1
435,11,T-12,Cup,9,1
434,79,T-37,Cup,2,1
435,12,T-11,NOAPS,1,1
435,12,T-11,NOAPS,2,1
435,12,T-11,NOAPS,3,1
435,12,T-11,NOAPS,5,1
435,12,T-11,NOAPS,6,1
435,12,T-11,NOAPS,7,1
435,12,T-11,NOAPS,9,1
435,15,T-21,Cup,1,1
435,15,T-21,Cup,2,1
435,15,T-21,Cup,3,1
435,15,T-21,Cup,4,1
435,15,T-21,Cup,5,1
435,15,T-21,Cup,6,1
435,15,T-21,Cup,9,1
435,8,T-24,Cup,8,1
435,8,T-24,Cup,7,1
435,8,T-24,Cup,6,1
435,8,T-24,Cup,5,1
434,79,T-37,Cup,5,1
434,79,T-37,Cup,6,1
434,79,T-37,Cup,7,1
434,79,T-37,Cup,10,1
434,80,T-38,NOAPS,1,1
434,80,T-38,NOAPS,2,1
434,80,T-38,NOAPS,3,1
434,80,T-38,NOAPS,5,1
434,80,T-38,NOAPS,6,1
434,80,T-38,NOAPS,8,1
435,6,T-22,NOAPS,3,1
435,6,T-22,NOAPS,4,1
435,6,T-22,NOAPS,5,1
435,6,T-22,NOAPS,6,1
435,6,T-22,NOAPS,7,1
435,6,T-22,NOAPS,8,1
435,6,T-22,NOAPS,9,1
435,6,T-22,NOAPS,10,1
435,7,T-07,Cup,1,1
435,7,T-07,Cup,2,1
435,7,T-07,Cup,3,1
435,7,T-07,Cup,4,1
435,7,T-07,Cup,5,1
435,7,T-07,Cup,6,1
435,7,T-07,Cup,8,1
435,8,T-24,Cup,1,1
435,8,T-24,Cup,2,1
435,8,T-24,Cup,3,1
435,8,T-24,Cup,4,1
435,16,T-09,Cup,1,1
435,16,T-09,Cup,2,1
435,16,T-09,Cup,3,1
435,22,T-28,NOAPS,3,1
435,22,T-28,NOAPS,5,1
435,22,T-28,NOAPS,6,1
435,22,T-28,NOAPS,7,1
435,22,T-28,NOAPS,8,1
435,24,T-10,Cup,1,1
435,24,T-10,Cup,2,1
435,24,T-10,Cup,3,1
435,24,T-10,Cup,4,1
435,24,T-10,Cup,5,1
435,24,T-10,Cup,6,1
435,24,T-10,Cup,7,1
435,24,T-10,Cup,8,1
435,24,T-10,Cup,9,1
435,26,T-25,Cup,1,1
435,26,T-25,Cup,3,1
435,26,T-25,Cup,4,1
435,26,T-25,Cup,5,1
435,26,T-25,Cup,6,1
435,26,T-25,Cup,7,1
435,26,T-25,Cup,8,1
435,28,T-35,Cup,1,1
435,28,T-35,Cup,2,1
435,28,T-35,Cup,3,1
435,28,T-35,Cup,4,1
435,28,T-35,Cup,5,1
435,28,T-35,Cup,6,1
435,28,T-35,Cup,8,1
435,28,T-35,Cup,9,1
435,33,T-34,Cup,1,1
435,22,T-28,NOAPS,4,1
435,22,T-28,NOAPS,2,1
435,16,T-09,Cup,4,1
435,22,T-28,NOAPS,1,1
435,16,T-09,Cup,5,1
435,16,T-09,Cup,7,1
435,16,T-09,Cup,8,1
435,17,T-32,Cup,1,1
435,17,T-32,Cup,2,1
435,17,T-32,Cup,3,1
435,17,T-32,Cup,5,1
435,17,T-32,Cup,6,1
435,17,T-32,Cup,7,1
435,17,T-32,Cup,8,1
435,17,T-32,Cup,9,1
435,18,T-23,Cup,1,1
435,18,T-23,Cup,3,1
435,18,T-23,Cup,4,1
435,18,T-23,Cup,5,1
435,18,T-23,Cup,7,1
435,18,T-23,Cup,8,1
435,19,T-29,NOAPS,3,1
435,19,T-29,NOAPS,4,1
435,19,T-29,NOAPS,5,1
435,19,T-29,NOAPS,6,1
435,19,T-29,NOAPS,7,1
435,19,T-29,NOAPS,8,1
435,19,T-29,NOAPS,9,1
435,21,T-31,Cup,1,1
435,21,T-31,Cup,2,1
435,21,T-31,Cup,5,1
435,21,T-31,Cup,9,1
435,21,T-31,Cup,10,1
434,79,T-37,Cup,3,1
434,79,T-37,Cup,1,1
435,33,T-34,Cup,3,1
434,19,T-29,NOAPS,5,1
434,17,T-32,Cup,2,1
434,17,T-32,Cup,3,1
434,17,T-32,Cup,5,1
434,17,T-32,Cup,6,1
434,17,T-32,Cup,7,1
434,17,T-32,Cup,8,1
434,17,T-32,Cup,9,1
434,18,T-23,Cup,1,1
434,18,T-23,Cup,4,1
434,18,T-23,Cup,6,1
434,18,T-23,Cup,8,1
434,19,T-29,NOAPS,2,1
434,19,T-29,NOAPS,3,1
434,19,T-29,NOAPS,4,1
434,19,T-29,NOAPS,6,1
434,68,F-10,Cup,8,1
434,19,T-29,NOAPS,7,1
434,19,T-29,NOAPS,8,1
434,19,T-29,NOAPS,9,1
434,21,T-31,Cup,1,1
434,21,T-31,Cup,2,1
434,21,T-31,Cup,5,1
434,21,T-31,Cup,9,1
434,21,T-31,Cup,10,1
434,22,T-28,NOAPS,1,1
434,22,T-28,NOAPS,2,1
434,22,T-28,NOAPS,3,1
434,22,T-28,NOAPS,4,1
434,22,T-28,NOAPS,5,1
434,22,T-28,NOAPS,6,1
434,17,T-32,Cup,1,1
434,16,T-09,Cup,8,1
434,16,T-09,Cup,7,1
434,16,T-09,Cup,5,1
434,9,T-33,Cup,4,1
434,9,T-33,Cup,5,1
434,9,T-33,Cup,6,1
434,9,T-33,Cup,7,1
434,9,T-33,Cup,10,1
434,11,T-12,Cup,1,1
434,11,T-12,Cup,2,1
434,11,T-12,Cup,3,1
434,11,T-12,Cup,5,1
434,11,T-12,Cup,7,1
434,11,T-12,Cup,8,1
434,11,T-12,Cup,9,1
434,12,T-11,NOAPS,1,1
434,12,T-11,NOAPS,3,1
434,12,T-11,NOAPS,5,1
434,12,T-11,NOAPS,6,1
434,12,T-11,NOAPS,7,1
434,12,T-11,NOAPS,9,1
434,12,T-11,NOAPS,10,1
434,15,T-21,Cup,1,1
434,15,T-21,Cup,2,1
434,15,T-21,Cup,3,1
434,15,T-21,Cup,4,1
434,15,T-21,Cup,5,1
434,15,T-21,Cup,6,1
434,15,T-21,Cup,9,1
434,16,T-09,Cup,2,1
434,16,T-09,Cup,3,1
434,16,T-09,Cup,4,1
434,22,T-28,NOAPS,7,1
434,22,T-28,NOAPS,10,1
434,24,T-10,Cup,1,1
434,51,T-06,NOAPS,3,1
434,51,T-06,NOAPS,5,1
434,51,T-06,NOAPS,6,1
434,51,T-06,NOAPS,7,1
434,51,T-06,NOAPS,8,1
434,54,T-12 Top,Cup,1,1
434,54,T-12 Top,Cup,3,1
434,54,T-12 Top,Cup,5,1
434,54,T-12 Top,Cup,6,1
434,54,T-12 Top,Cup,8,1
434,54,T-12 Top,Cup,9,1
434,54,T-12 Top,Cup,10,1
434,55,T-02,NOAPS,1,1
434,55,T-02,NOAPS,2,1
434,55,T-02,NOAPS,4,1
434,55,T-02,NOAPS,6,1
434,58,03-Awn,Awning,1,1
434,58,03-Awn,Awning,3,1
434,58,03-Awn,Awning,6,1
434,58,03-Awn,Awning,7,1
434,60,01- Big,Awning,1,1
434,60,01- Big,Awning,5,1
434,60,01- Big,Awning,6,1
434,60,01- Big,Awning,9,1
434,68,F-10,Cup,1,1
434,68,F-10,Cup,2,1
434,68,F-10,Cup,3,1
434,68,F-10,Cup,5,1
434,68,F-10,Cup,6,1
434,68,F-10,Cup,7,1
434,51,T-06,NOAPS,4,1
434,51,T-06,NOAPS,1,1
434,24,T-10,Cup,2,1
434,33,T-34,Cup,10,1
434,24,T-10,Cup,3,1
434,24,T-10,Cup,4,1
434,24,T-10,Cup,5,1
434,24,T-10,Cup,6,1
434,24,T-10,Cup,7,1
434,24,T-10,Cup,8,1
434,24,T-10,Cup,9,1
434,26,T-25,Cup,1,1
434,26,T-25,Cup,3,1
434,26,T-25,Cup,4,1
434,26,T-25,Cup,5,1
434,26,T-25,Cup,6,1
434,26,T-25,Cup,7,1
434,26,T-25,Cup,8,1
434,28,T-35,Cup,1,1
434,28,T-35,Cup,2,1
434,28,T-35,Cup,3,1
434,28,T-35,Cup,4,1
434,28,T-35,Cup,5,1
434,28,T-35,Cup,6,1
434,28,T-35,Cup,8,1
434,28,T-35,Cup,9,1
434,33,T-34,Cup,1,1
434,33,T-34,Cup,2,1
434,33,T-34,Cup,3,1
434,33,T-34,Cup,4,1
434,33,T-34,Cup,6,1
434,33,T-34,Cup,7,1
434,33,T-34,Cup,8,1
435,33,T-34,Cup,2,1
435,33,T-34,Cup,4,1
434,9,T-33,Cup,2,1
436,54,T-12 Top,Cup,5,1
436,33,T-34,Cup,1,1
436,33,T-34,Cup,2,1
436,33,T-34,Cup,3,1
436,33,T-34,Cup,4,1
436,33,T-34,Cup,6,1
436,33,T-34,Cup,7,1
436,33,T-34,Cup,8,1
436,33,T-34,Cup,10,1
436,40,T-15,NOAPS,3,1
436,40,T-15,NOAPS,5,1
436,51,T-06,NOAPS,1,1
436,51,T-06,NOAPS,3,1
436,54,T-12 Top,Cup,1,1
436,54,T-12 Top,Cup,3,1
436,54,T-12 Top,Cup,6,1
436,21,T-31,Cup,2,1
436,54,T-12 Top,Cup,8,1
436,54,T-12 Top,Cup,9,1
436,54,T-12 Top,Cup,10,1
436,58,03-Awn,Awning,1,1
436,58,03-Awn,Awning,2,1
436,58,03-Awn,Awning,3,1
436,58,03-Awn,Awning,5,1
436,58,03-Awn,Awning,9,1
436,60,01- Big,Awning,4,1
436,60,01- Big,Awning,6,1
436,60,01- Big,Awning,9,1
436,68,F-10,Cup,1,1
436,68,F-10,Cup,2,1
436,68,F-10,Cup,3,1
436,28,T-35,Cup,9,1
436,28,T-35,Cup,8,1
436,28,T-35,Cup,6,1
436,28,T-35,Cup,5,1
436,21,T-31,Cup,9,1
436,21,T-31,Cup,10,1
436,22,T-28,NOAPS,1,1
436,22,T-28,NOAPS,2,1
436,22,T-28,NOAPS,3,1
436,22,T-28,NOAPS,4,1
436,22,T-28,NOAPS,5,1
436,22,T-28,NOAPS,6,1
436,22,T-28,NOAPS,7,1
436,22,T-28,NOAPS,8,1
436,24,T-10,Cup,1,1
436,24,T-10,Cup,2,1
436,24,T-10,Cup,3,1
436,24,T-10,Cup,4,1
436,24,T-10,Cup,5,1
436,24,T-10,Cup,6,1
436,24,T-10,Cup,7,1
436,24,T-10,Cup,8,1
436,24,T-10,Cup,9,1
436,26,T-25,Cup,1,1
436,26,T-25,Cup,3,1
436,26,T-25,Cup,4,1
436,26,T-25,Cup,5,1
436,26,T-25,Cup,6,1
436,26,T-25,Cup,7,1
436,28,T-35,Cup,1,1
436,28,T-35,Cup,2,1
436,28,T-35,Cup,3,1
436,28,T-35,Cup,4,1
436,68,F-10,Cup,5,1
436,68,F-10,Cup,6,1
436,68,F-10,Cup,7,1
437,8,T-24,Cup,4,1
437,8,T-24,Cup,6,1
437,8,T-24,Cup,7,1
437,8,T-24,Cup,8,1
437,8,T-24,Cup,10,1
437,9,T-33,Cup,1,1
437,9,T-33,Cup,2,1
437,9,T-33,Cup,3,1
437,9,T-33,Cup,4,1
437,9,T-33,Cup,5,1
437,9,T-33,Cup,6,1
437,9,T-33,Cup,7,1
437,9,T-33,Cup,8,1
437,9,T-33,Cup,9,1
437,11,T-12,Cup,1,1
437,11,T-12,Cup,2,1
437,11,T-12,Cup,3,1
437,11,T-12,Cup,5,1
437,11,T-12,Cup,7,1
437,11,T-12,Cup,8,1
437,11,T-12,Cup,9,1
437,12,T-11,NOAPS,1,1
437,12,T-11,NOAPS,2,1
437,12,T-11,NOAPS,3,1
437,12,T-11,NOAPS,5,1
437,12,T-11,NOAPS,6,1
437,12,T-11,NOAPS,7,1
437,12,T-11,NOAPS,9,1
437,12,T-11,NOAPS,10,1
437,13,T-08,NOAPS,1,1
437,8,T-24,Cup,5,1
437,8,T-24,Cup,3,1
436,68,F-10,Cup,8,1
437,8,T-24,Cup,2,1
436,79,T-37,Cup,1,1
436,79,T-37,Cup,2,1
436,79,T-37,Cup,3,1
436,79,T-37,Cup,5,1
436,79,T-37,Cup,6,1
436,79,T-37,Cup,7,1
436,79,T-37,Cup,10,1
436,80,T-38,NOAPS,1,1
436,80,T-38,NOAPS,2,1
436,80,T-38,NOAPS,3,1
436,80,T-38,NOAPS,5,1
436,80,T-38,NOAPS,6,1
437,6,T-22,NOAPS,1,1
437,6,T-22,NOAPS,3,1
437,6,T-22,NOAPS,4,1
437,6,T-22,NOAPS,5,1
437,6,T-22,NOAPS,6,1
437,6,T-22,NOAPS,8,1
437,6,T-22,NOAPS,9,1
437,6,T-22,NOAPS,10,1
437,7,T-07,Cup,1,1
437,7,T-07,Cup,2,1
437,7,T-07,Cup,3,1
437,7,T-07,Cup,4,1
437,7,T-07,Cup,5,1
437,7,T-07,Cup,6,1
437,7,T-07,Cup,8,1
437,7,T-07,Cup,9,1
437,8,T-24,Cup,1,1
436,21,T-31,Cup,5,1
436,21,T-31,Cup,1,1
435,33,T-34,Cup,6,1
435,80,T-38,NOAPS,5,1
435,68,F-10,Cup,5,1
435,68,F-10,Cup,6,1
435,68,F-10,Cup,7,1
435,68,F-10,Cup,8,1
435,79,T-37,Cup,1,1
435,79,T-37,Cup,2,1
435,79,T-37,Cup,3,1
435,79,T-37,Cup,5,1
435,79,T-37,Cup,6,1
435,79,T-37,Cup,7,1
435,79,T-37,Cup,10,1
435,80,T-38,NOAPS,1,1
435,80,T-38,NOAPS,2,1
435,80,T-38,NOAPS,3,1
435,80,T-38,NOAPS,6,1
436,19,T-29,NOAPS,9,1
436,6,T-22,NOAPS,3,1
436,6,T-22,NOAPS,4,1
436,6,T-22,NOAPS,6,1
436,6,T-22,NOAPS,7,1
436,6,T-22,NOAPS,8,1
436,6,T-22,NOAPS,9,1
436,6,T-22,NOAPS,10,1
436,7,T-07,Cup,1,1
436,7,T-07,Cup,2,1
436,7,T-07,Cup,3,1
436,7,T-07,Cup,4,1
436,7,T-07,Cup,5,1
436,7,T-07,Cup,6,1
436,7,T-07,Cup,8,1
435,68,F-10,Cup,3,1
435,68,F-10,Cup,2,1
435,68,F-10,Cup,1,1
435,60,01- Big,Awning,9,1
435,33,T-34,Cup,7,1
435,33,T-34,Cup,8,1
435,33,T-34,Cup,10,1
435,40,T-15,NOAPS,1,1
435,40,T-15,NOAPS,3,1
435,40,T-15,NOAPS,6,1
435,40,T-15,NOAPS,8,1
435,42,T-17,NOAPS,7,1
435,51,T-06,NOAPS,1,1
435,51,T-06,NOAPS,3,1
435,51,T-06,NOAPS,4,1
435,51,T-06,NOAPS,5,1
435,51,T-06,NOAPS,6,1
435,51,T-06,NOAPS,7,1
435,51,T-06,NOAPS,8,1
435,54,T-12 Top,Cup,1,1
435,54,T-12 Top,Cup,3,1
435,54,T-12 Top,Cup,5,1
435,54,T-12 Top,Cup,6,1
435,54,T-12 Top,Cup,8,1
435,54,T-12 Top,Cup,9,1
435,54,T-12 Top,Cup,10,1
435,58,03-Awn,Awning,1,1
435,58,03-Awn,Awning,2,1
435,58,03-Awn,Awning,3,1
435,58,03-Awn,Awning,5,1
435,58,03-Awn,Awning,9,1
435,60,01- Big,Awning,4,1
435,60,01- Big,Awning,6,1
436,8,T-24,Cup,1,1
436,8,T-24,Cup,2,1
436,8,T-24,Cup,3,1
436,13,T-08,NOAPS,6,1
436,13,T-08,NOAPS,8,1
436,15,T-21,Cup,1,1
436,15,T-21,Cup,2,1
436,15,T-21,Cup,3,1
422,6,T-22,NOAPS,3,1
436,15,T-21,Cup,5,1
436,15,T-21,Cup,6,1
436,15,T-21,Cup,9,1
436,16,T-09,Cup,1,1
436,16,T-09,Cup,2,1
436,16,T-09,Cup,3,1
436,16,T-09,Cup,4,1
436,16,T-09,Cup,5,1
436,16,T-09,Cup,7,1
436,16,T-09,Cup,8,1
436,17,T-32,Cup,1,1
436,17,T-32,Cup,2,1
436,17,T-32,Cup,3,1
436,17,T-32,Cup,5,1
436,17,T-32,Cup,6,1
436,17,T-32,Cup,7,1
436,17,T-32,Cup,8,1
436,17,T-32,Cup,9,1
436,19,T-29,NOAPS,3,1
436,19,T-29,NOAPS,4,1
436,19,T-29,NOAPS,5,1
436,19,T-29,NOAPS,6,1
436,19,T-29,NOAPS,7,1
436,19,T-29,NOAPS,8,1
436,13,T-08,NOAPS,7,1
436,13,T-08,NOAPS,5,1
436,8,T-24,Cup,4,1
436,13,T-08,NOAPS,4,1
436,8,T-24,Cup,5,1
436,8,T-24,Cup,6,1
436,8,T-24,Cup,7,1
436,8,T-24,Cup,8,1
436,8,T-24,Cup,10,1
436,9,T-33,Cup,1,1
436,9,T-33,Cup,2,1
436,9,T-33,Cup,3,1
436,9,T-33,Cup,4,1
436,9,T-33,Cup,5,1
436,9,T-33,Cup,6,1
436,9,T-33,Cup,7,1
436,9,T-33,Cup,10,1
436,11,T-12,Cup,1,1
436,11,T-12,Cup,2,1
436,11,T-12,Cup,3,1
436,11,T-12,Cup,5,1
436,11,T-12,Cup,7,1
436,11,T-12,Cup,8,1
436,11,T-12,Cup,9,1
436,12,T-11,NOAPS,1,1
436,12,T-11,NOAPS,2,1
436,12,T-11,NOAPS,3,1
436,12,T-11,NOAPS,5,1
436,12,T-11,NOAPS,6,1
436,12,T-11,NOAPS,7,1
436,12,T-11,NOAPS,9,1
436,13,T-08,NOAPS,1,1
436,13,T-08,NOAPS,3,1
434,9,T-33,Cup,3,1
434,9,T-33,Cup,1,1
430,12,T-11,NOAPS,7,1
432,6,T-22,NOAPS,8,1
431,58,03-Awn,Awning,1,1
431,58,03-Awn,Awning,2,1
431,58,03-Awn,Awning,3,1
431,58,03-Awn,Awning,5,1
431,80,T-38,NOAPS,1,1
431,80,T-38,NOAPS,2,1
431,80,T-38,NOAPS,3,1
431,80,T-38,NOAPS,5,1
431,80,T-38,NOAPS,6,1
432,6,T-22,NOAPS,1,1
432,6,T-22,NOAPS,3,1
432,6,T-22,NOAPS,4,1
432,6,T-22,NOAPS,6,1
432,6,T-22,NOAPS,7,1
432,6,T-22,NOAPS,9,1
431,13,T-08,NOAPS,5,1
432,6,T-22,NOAPS,10,1
432,7,T-07,Cup,1,1
432,7,T-07,Cup,2,1
432,7,T-07,Cup,3,1
432,7,T-07,Cup,4,1
432,7,T-07,Cup,5,1
432,7,T-07,Cup,6,1
432,7,T-07,Cup,8,1
432,8,T-24,Cup,1,1
432,8,T-24,Cup,2,1
432,8,T-24,Cup,3,1
432,8,T-24,Cup,4,1
432,8,T-24,Cup,5,1
432,8,T-24,Cup,6,1
431,42,T-17,NOAPS,3,1
431,33,T-34,Cup,8,1
431,33,T-34,Cup,7,1
431,33,T-34,Cup,6,1
431,13,T-08,NOAPS,7,1
431,13,T-08,NOAPS,8,1
431,19,T-29,NOAPS,2,1
431,19,T-29,NOAPS,3,1
431,19,T-29,NOAPS,4,1
431,19,T-29,NOAPS,5,1
431,19,T-29,NOAPS,6,1
431,19,T-29,NOAPS,7,1
431,19,T-29,NOAPS,8,1
431,19,T-29,NOAPS,9,1
431,22,T-28,NOAPS,1,1
431,22,T-28,NOAPS,2,1
431,22,T-28,NOAPS,3,1
431,22,T-28,NOAPS,4,1
431,22,T-28,NOAPS,5,1
431,22,T-28,NOAPS,6,1
431,22,T-28,NOAPS,7,1
431,22,T-28,NOAPS,10,1
431,28,T-35,Cup,1,1
431,28,T-35,Cup,2,1
431,28,T-35,Cup,3,1
431,28,T-35,Cup,4,1
431,28,T-35,Cup,5,1
431,28,T-35,Cup,6,1
431,28,T-35,Cup,8,1
431,33,T-34,Cup,1,1
431,33,T-34,Cup,3,1
431,33,T-34,Cup,4,1
431,33,T-34,Cup,5,1
432,8,T-24,Cup,7,1
432,8,T-24,Cup,8,1
432,8,T-24,Cup,10,1
432,15,T-21,Cup,5,1
432,15,T-21,Cup,9,1
432,16,T-09,Cup,2,1
432,16,T-09,Cup,3,1
432,16,T-09,Cup,4,1
432,16,T-09,Cup,5,1
432,16,T-09,Cup,7,1
432,16,T-09,Cup,8,1
432,17,T-32,Cup,1,1
432,17,T-32,Cup,2,1
432,17,T-32,Cup,3,1
432,17,T-32,Cup,5,1
432,17,T-32,Cup,6,1
432,17,T-32,Cup,7,1
432,17,T-32,Cup,8,1
432,17,T-32,Cup,9,1
432,19,T-29,NOAPS,2,1
432,19,T-29,NOAPS,3,1
432,19,T-29,NOAPS,4,1
432,19,T-29,NOAPS,5,1
432,19,T-29,NOAPS,6,1
432,19,T-29,NOAPS,7,1
432,19,T-29,NOAPS,8,1
432,19,T-29,NOAPS,9,1
432,21,T-31,Cup,1,1
432,21,T-31,Cup,2,1
432,21,T-31,Cup,5,1
432,21,T-31,Cup,9,1
432,21,T-31,Cup,10,1
432,22,T-28,NOAPS,1,1
432,15,T-21,Cup,6,1
432,15,T-21,Cup,4,1
432,9,T-33,Cup,1,1
432,15,T-21,Cup,3,1
432,9,T-33,Cup,2,1
432,9,T-33,Cup,3,1
432,9,T-33,Cup,4,1
432,9,T-33,Cup,5,1
432,9,T-33,Cup,6,1
432,9,T-33,Cup,7,1
432,9,T-33,Cup,10,1
432,11,T-12,Cup,1,1
432,11,T-12,Cup,2,1
432,11,T-12,Cup,3,1
432,11,T-12,Cup,5,1
432,11,T-12,Cup,7,1
432,11,T-12,Cup,8,1
432,12,T-11,NOAPS,1,1
432,12,T-11,NOAPS,3,1
432,12,T-11,NOAPS,5,1
432,12,T-11,NOAPS,6,1
432,12,T-11,NOAPS,7,1
432,12,T-11,NOAPS,9,1
432,12,T-11,NOAPS,10,1
432,13,T-08,NOAPS,1,1
432,13,T-08,NOAPS,3,1
432,13,T-08,NOAPS,4,1
432,13,T-08,NOAPS,5,1
432,13,T-08,NOAPS,6,1
432,13,T-08,NOAPS,7,1
432,13,T-08,NOAPS,8,1
432,15,T-21,Cup,1,1
432,15,T-21,Cup,2,1
431,13,T-08,NOAPS,6,1
431,13,T-08,NOAPS,4,1
432,22,T-28,NOAPS,3,1
430,22,T-28,NOAPS,3,1
430,19,T-29,NOAPS,4,1
430,19,T-29,NOAPS,5,1
430,19,T-29,NOAPS,6,1
430,19,T-29,NOAPS,7,1
430,19,T-29,NOAPS,8,1
430,19,T-29,NOAPS,9,1
430,21,T-31,Cup,3,1
430,21,T-31,Cup,4,1
430,21,T-31,Cup,5,1
430,21,T-31,Cup,7,1
430,21,T-31,Cup,8,1
430,21,T-31,Cup,10,1
430,22,T-28,NOAPS,1,1
430,22,T-28,NOAPS,2,1
430,22,T-28,NOAPS,4,1
431,13,T-08,NOAPS,3,1
430,22,T-28,NOAPS,5,1
430,22,T-28,NOAPS,6,1
430,22,T-28,NOAPS,7,1
430,22,T-28,NOAPS,10,1
430,24,T-10,Cup,1,1
430,24,T-10,Cup,2,1
430,24,T-10,Cup,3,1
430,24,T-10,Cup,4,1
430,24,T-10,Cup,5,1
430,24,T-10,Cup,6,1
430,24,T-10,Cup,7,1
430,24,T-10,Cup,8,1
430,26,T-25,Cup,1,1
430,26,T-25,Cup,3,1
430,19,T-29,NOAPS,3,1
430,19,T-29,NOAPS,2,1
430,17,T-32,Cup,10,1
430,17,T-32,Cup,8,1
430,12,T-11,NOAPS,9,1
430,12,T-11,NOAPS,10,1
430,13,T-08,NOAPS,1,1
430,13,T-08,NOAPS,3,1
430,13,T-08,NOAPS,4,1
430,13,T-08,NOAPS,5,1
430,13,T-08,NOAPS,6,1
430,13,T-08,NOAPS,7,1
430,13,T-08,NOAPS,8,1
430,15,T-21,Cup,1,1
430,15,T-21,Cup,2,1
430,15,T-21,Cup,3,1
430,15,T-21,Cup,4,1
430,15,T-21,Cup,5,1
430,15,T-21,Cup,6,1
430,15,T-21,Cup,7,1
430,15,T-21,Cup,8,1
430,16,T-09,Cup,2,1
430,16,T-09,Cup,3,1
430,16,T-09,Cup,4,1
430,16,T-09,Cup,5,1
430,16,T-09,Cup,7,1
430,16,T-09,Cup,8,1
430,17,T-32,Cup,1,1
430,17,T-32,Cup,2,1
430,17,T-32,Cup,3,1
430,17,T-32,Cup,5,1
430,17,T-32,Cup,6,1
430,17,T-32,Cup,7,1
430,26,T-25,Cup,4,1
430,26,T-25,Cup,5,1
430,26,T-25,Cup,6,1
430,60,01- Big,Awning,6,1
430,68,F-10,Cup,1,1
430,68,F-10,Cup,2,1
430,68,F-10,Cup,3,1
430,68,F-10,Cup,5,1
430,68,F-10,Cup,6,1
430,68,F-10,Cup,7,1
430,68,F-10,Cup,8,1
430,79,T-37,Cup,1,1
430,79,T-37,Cup,2,1
430,79,T-37,Cup,3,1
430,79,T-37,Cup,5,1
430,79,T-37,Cup,6,1
430,80,T-38,NOAPS,1,1
430,80,T-38,NOAPS,2,1
430,80,T-38,NOAPS,3,1
430,80,T-38,NOAPS,5,1
430,80,T-38,NOAPS,6,1
431,6,T-22,NOAPS,1,1
431,6,T-22,NOAPS,4,1
431,6,T-22,NOAPS,6,1
431,6,T-22,NOAPS,7,1
431,12,T-11,NOAPS,1,1
431,12,T-11,NOAPS,3,1
431,12,T-11,NOAPS,5,1
431,12,T-11,NOAPS,6,1
431,12,T-11,NOAPS,7,1
431,12,T-11,NOAPS,9,1
431,12,T-11,NOAPS,10,1
431,13,T-08,NOAPS,1,1
430,60,01- Big,Awning,9,1
430,58,03-Awn,Awning,7,1
430,26,T-25,Cup,7,1
430,58,03-Awn,Awning,5,1
430,26,T-25,Cup,8,1
430,26,T-25,Cup,9,1
430,28,T-35,Cup,1,1
430,28,T-35,Cup,2,1
430,28,T-35,Cup,3,1
430,28,T-35,Cup,4,1
430,28,T-35,Cup,5,1
430,28,T-35,Cup,6,1
430,28,T-35,Cup,7,1
430,28,T-35,Cup,8,1
430,33,T-34,Cup,1,1
430,33,T-34,Cup,3,1
430,33,T-34,Cup,4,1
430,33,T-34,Cup,5,1
430,33,T-34,Cup,6,1
430,33,T-34,Cup,7,1
430,33,T-34,Cup,8,1
430,40,T-15,NOAPS,5,1
430,40,T-15,NOAPS,6,1
430,40,T-15,NOAPS,7,1
430,54,T-12 Top,Cup,1,1
430,54,T-12 Top,Cup,3,1
430,54,T-12 Top,Cup,5,1
430,54,T-12 Top,Cup,6,1
430,54,T-12 Top,Cup,9,1
430,54,T-12 Top,Cup,10,1
430,58,03-Awn,Awning,1,1
430,58,03-Awn,Awning,2,1
430,58,03-Awn,Awning,3,1
432,22,T-28,NOAPS,2,1
432,22,T-28,NOAPS,4,1
434,8,T-24,Cup,10,1
433,28,T-35,Cup,4,1
433,24,T-10,Cup,6,1
433,24,T-10,Cup,7,1
433,24,T-10,Cup,8,1
433,24,T-10,Cup,9,1
433,26,T-25,Cup,1,1
433,26,T-25,Cup,3,1
433,26,T-25,Cup,4,1
433,26,T-25,Cup,5,1
433,26,T-25,Cup,6,1
433,26,T-25,Cup,7,1
433,26,T-25,Cup,8,1
433,28,T-35,Cup,1,1
433,28,T-35,Cup,2,1
433,28,T-35,Cup,3,1
433,28,T-35,Cup,5,1
433,16,T-09,Cup,7,1
433,28,T-35,Cup,6,1
433,28,T-35,Cup,8,1
433,28,T-35,Cup,9,1
433,33,T-34,Cup,1,1
433,33,T-34,Cup,2,1
433,33,T-34,Cup,3,1
433,33,T-34,Cup,4,1
433,33,T-34,Cup,6,1
433,33,T-34,Cup,7,1
433,33,T-34,Cup,8,1
433,33,T-34,Cup,10,1
433,42,T-17,NOAPS,7,1
433,51,T-06,NOAPS,1,1
433,51,T-06,NOAPS,3,1
433,24,T-10,Cup,5,1
433,24,T-10,Cup,4,1
433,24,T-10,Cup,3,1
433,24,T-10,Cup,2,1
433,17,T-32,Cup,1,1
433,17,T-32,Cup,2,1
433,17,T-32,Cup,3,1
433,17,T-32,Cup,5,1
433,17,T-32,Cup,6,1
433,17,T-32,Cup,7,1
433,17,T-32,Cup,9,1
433,19,T-29,NOAPS,2,1
433,19,T-29,NOAPS,3,1
433,19,T-29,NOAPS,4,1
433,19,T-29,NOAPS,5,1
433,19,T-29,NOAPS,6,1
433,19,T-29,NOAPS,7,1
433,19,T-29,NOAPS,8,1
433,19,T-29,NOAPS,9,1
433,21,T-31,Cup,1,1
433,21,T-31,Cup,2,1
433,21,T-31,Cup,5,1
433,21,T-31,Cup,9,1
433,21,T-31,Cup,10,1
433,22,T-28,NOAPS,1,1
433,22,T-28,NOAPS,2,1
433,22,T-28,NOAPS,3,1
433,22,T-28,NOAPS,4,1
433,22,T-28,NOAPS,5,1
433,22,T-28,NOAPS,6,1
433,22,T-28,NOAPS,7,1
433,22,T-28,NOAPS,10,1
433,24,T-10,Cup,1,1
433,51,T-06,NOAPS,4,1
433,51,T-06,NOAPS,5,1
433,51,T-06,NOAPS,6,1
433,79,T-37,Cup,10,1
433,80,T-38,NOAPS,2,1
433,80,T-38,NOAPS,3,1
433,80,T-38,NOAPS,5,1
433,80,T-38,NOAPS,6,1
433,80,T-38,NOAPS,7,1
433,80,T-38,NOAPS,8,1
434,6,T-22,NOAPS,3,1
434,6,T-22,NOAPS,4,1
434,6,T-22,NOAPS,5,1
434,6,T-22,NOAPS,6,1
434,6,T-22,NOAPS,7,1
434,6,T-22,NOAPS,8,1
434,6,T-22,NOAPS,9,1
434,6,T-22,NOAPS,10,1
434,7,T-07,Cup,1,1
434,7,T-07,Cup,2,1
434,7,T-07,Cup,3,1
434,7,T-07,Cup,4,1
434,7,T-07,Cup,5,1
434,7,T-07,Cup,6,1
434,7,T-07,Cup,8,1
434,8,T-24,Cup,1,1
434,8,T-24,Cup,2,1
434,8,T-24,Cup,3,1
434,8,T-24,Cup,4,1
434,8,T-24,Cup,5,1
434,8,T-24,Cup,6,1
434,8,T-24,Cup,7,1
434,8,T-24,Cup,8,1
433,80,T-38,NOAPS,1,1
433,79,T-37,Cup,7,1
433,51,T-06,NOAPS,7,1
433,79,T-37,Cup,6,1
433,51,T-06,NOAPS,8,1
433,54,T-12 Top,Cup,1,1
433,54,T-12 Top,Cup,3,1
433,54,T-12 Top,Cup,5,1
433,54,T-12 Top,Cup,6,1
433,54,T-12 Top,Cup,8,1
433,54,T-12 Top,Cup,9,1
433,54,T-12 Top,Cup,10,1
433,58,03-Awn,Awning,1,1
433,58,03-Awn,Awning,2,1
433,58,03-Awn,Awning,3,1
433,58,03-Awn,Awning,5,1
433,58,03-Awn,Awning,7,1
433,60,01- Big,Awning,1,1
433,60,01- Big,Awning,6,1
433,60,01- Big,Awning,7,1
433,60,01- Big,Awning,8,1
433,60,01- Big,Awning,9,1
433,68,F-10,Cup,1,1
433,68,F-10,Cup,2,1
433,68,F-10,Cup,3,1
433,68,F-10,Cup,5,1
433,68,F-10,Cup,6,1
433,68,F-10,Cup,7,1
433,68,F-10,Cup,8,1
433,79,T-37,Cup,1,1
433,79,T-37,Cup,2,1
433,79,T-37,Cup,3,1
433,79,T-37,Cup,5,1
433,16,T-09,Cup,8,1
433,16,T-09,Cup,5,1
432,22,T-28,NOAPS,5,1
432,58,03-Awn,Awning,7,1
432,33,T-34,Cup,8,1
432,33,T-34,Cup,10,1
432,54,T-12 Top,Cup,1,1
432,54,T-12 Top,Cup,3,1
432,54,T-12 Top,Cup,5,1
432,54,T-12 Top,Cup,6,1
432,54,T-12 Top,Cup,8,1
432,54,T-12 Top,Cup,9,1
432,54,T-12 Top,Cup,10,1
432,57,T-05,Cup,2,1
432,58,03-Awn,Awning,1,1
432,58,03-Awn,Awning,2,1
432,58,03-Awn,Awning,3,1
432,58,03-Awn,Awning,5,1
432,60,01- Big,Awning,1,1
433,16,T-09,Cup,4,1
432,60,01- Big,Awning,6,1
432,60,01- Big,Awning,7,1
432,60,01- Big,Awning,8,1
432,60,01- Big,Awning,9,1
432,68,F-10,Cup,1,1
432,68,F-10,Cup,2,1
432,68,F-10,Cup,3,1
432,68,F-10,Cup,5,1
432,68,F-10,Cup,6,1
432,68,F-10,Cup,7,1
432,68,F-10,Cup,8,1
432,79,T-37,Cup,1,1
432,79,T-37,Cup,2,1
432,79,T-37,Cup,3,1
432,33,T-34,Cup,7,1
432,33,T-34,Cup,6,1
432,33,T-34,Cup,4,1
432,33,T-34,Cup,3,1
432,22,T-28,NOAPS,6,1
432,22,T-28,NOAPS,7,1
432,22,T-28,NOAPS,10,1
432,24,T-10,Cup,1,1
432,24,T-10,Cup,2,1
432,24,T-10,Cup,3,1
432,24,T-10,Cup,4,1
432,24,T-10,Cup,5,1
432,24,T-10,Cup,6,1
432,24,T-10,Cup,7,1
432,24,T-10,Cup,8,1
432,24,T-10,Cup,9,1
432,26,T-25,Cup,1,1
432,26,T-25,Cup,3,1
432,26,T-25,Cup,4,1
432,26,T-25,Cup,5,1
432,26,T-25,Cup,6,1
432,26,T-25,Cup,7,1
432,26,T-25,Cup,8,1
432,28,T-35,Cup,1,1
432,28,T-35,Cup,2,1
432,28,T-35,Cup,3,1
432,28,T-35,Cup,4,1
432,28,T-35,Cup,5,1
432,28,T-35,Cup,6,1
432,28,T-35,Cup,8,1
432,28,T-35,Cup,9,1
432,33,T-34,Cup,1,1
432,33,T-34,Cup,2,1
432,79,T-37,Cup,5,1
432,79,T-37,Cup,6,1
432,79,T-37,Cup,7,1
433,8,T-24,Cup,10,1
433,9,T-33,Cup,2,1
433,9,T-33,Cup,3,1
433,9,T-33,Cup,4,1
433,9,T-33,Cup,5,1
433,9,T-33,Cup,6,1
433,9,T-33,Cup,7,1
433,9,T-33,Cup,10,1
433,11,T-12,Cup,1,1
433,11,T-12,Cup,2,1
433,11,T-12,Cup,3,1
433,11,T-12,Cup,5,1
433,11,T-12,Cup,7,1
433,11,T-12,Cup,8,1
433,12,T-11,NOAPS,1,1
433,12,T-11,NOAPS,3,1
433,12,T-11,NOAPS,5,1
433,12,T-11,NOAPS,6,1
433,12,T-11,NOAPS,7,1
433,12,T-11,NOAPS,9,1
433,12,T-11,NOAPS,10,1
433,15,T-21,Cup,1,1
433,15,T-21,Cup,2,1
433,15,T-21,Cup,3,1
433,15,T-21,Cup,4,1
433,15,T-21,Cup,5,1
433,15,T-21,Cup,6,1
433,15,T-21,Cup,9,1
433,16,T-09,Cup,2,1
433,16,T-09,Cup,3,1
433,9,T-33,Cup,1,1
433,8,T-24,Cup,8,1
432,79,T-37,Cup,10,1
433,8,T-24,Cup,7,1
432,80,T-38,NOAPS,1,1
432,80,T-38,NOAPS,2,1
432,80,T-38,NOAPS,3,1
432,80,T-38,NOAPS,5,1
432,80,T-38,NOAPS,6,1
432,80,T-38,NOAPS,7,1
432,80,T-38,NOAPS,8,1
432,80,T-38,NOAPS,9,1
433,6,T-22,NOAPS,3,1
433,6,T-22,NOAPS,4,1
433,6,T-22,NOAPS,5,1
433,6,T-22,NOAPS,6,1
433,6,T-22,NOAPS,7,1
433,6,T-22,NOAPS,8,1
433,6,T-22,NOAPS,9,1
433,6,T-22,NOAPS,10,1
433,7,T-07,Cup,1,1
433,7,T-07,Cup,2,1
433,7,T-07,Cup,3,1
433,7,T-07,Cup,4,1
433,7,T-07,Cup,5,1
433,7,T-07,Cup,6,1
433,7,T-07,Cup,8,1
433,8,T-24,Cup,1,1
433,8,T-24,Cup,2,1
433,8,T-24,Cup,3,1
433,8,T-24,Cup,4,1
433,8,T-24,Cup,5,1
433,8,T-24,Cup,6,1
474,80,T-38,NOAPS,10,1
